"André Hazes - She Believes in Me","John Appel","Netherlands","1999","88 min","https://www.idfa.nl/en/film/8d243ee4-c20a-436d-ae6d-1e2cab8f6213/andré-hazes-she-believes-in-me?filters[tvPrice]=Free&collectionType=idfa","2023-01-01"
"Aftermath: the Remnants of War","Daniel Sekulich","Canada","2001","56 min","https://www.idfa.nl/en/film/a5e99788-3bf0-40d5-a5f1-51b48f7f0161/aftermath-the-remnants-of-war?filters[tvPrice]=Free&collectionType=idfa","2023-01-01"
"Agnes & Nancy","Anne Milne","Scotland","2011","24 min","https://www.idfa.nl/en/film/d3c44439-56db-4fd4-a717-45414dc0fa8e/agnes-nancy?filters[tvPrice]=Free&collectionType=idfa","2023-01-01"
"Ahmad's Hair","Susan Koenen","Netherlands","2016","16 min","https://www.idfa.nl/en/film/4108da06-ad71-47a5-8baa-cd7c517cf391/ahmads-hair?filters[tvPrice]=Free&collectionType=idfa","2023-01-01"
"All Cats Are Grey in the Dark","Lasse Linder","Switzerland","2019","18 min","https://www.idfa.nl/en/film/c330a007-84ce-41d4-8302-2d1684f43abc/all-cats-are-grey-in-the-dark?filters[tvPrice]=Free&collectionType=idfa","2023-01-01"
"All of Me","Susan Koenen","Netherlands","2012","15 min","https://www.idfa.nl/en/film/63be9d35-7f21-4b9c-b785-d0accc5bcf9d/all-of-me?filters[tvPrice]=Free&collectionType=idfa","2023-01-01"
"Am I Dreaming of Others, or Are Others Dreaming of Me?","Shigeo Arikawa","Japan, Netherlands","2014","11 min","https://www.idfa.nl/en/film/511c6332-4696-4ec3-a44c-d44bc73e7994/am-i-dreaming-of-others-or-are-others-dreaming-of-me?filters[tvPrice]=Free&collectionType=idfa","2023-01-01"
"Among Horses and Men","Marjoleine Boonstra","Netherlands","2010","78 min","https://www.idfa.nl/en/film/339e130f-1279-4a00-a1a0-d68cb5ae6f5a/among-horses-and-men?filters[tvPrice]=Free&collectionType=idfa","2023-01-01"
"Anna's Story","Nienke Eijsink","Netherlands","2009","15 min","https://www.idfa.nl/en/film/bba18ccd-4a8a-4544-9476-6578075a64c7/annas-story?filters[tvPrice]=Free&collectionType=idfa","2023-01-01"
"Are You Listening!","Kamar Ahmad Simon","Bangladesh","2012","90 min","https://www.idfa.nl/en/film/24307428-d933-4d5a-8c78-3747bb8b0767/are-you-listening?filters[tvPrice]=Free&collectionType=idfa","2023-01-01"
"Artificial Things","Sophie Fiennes","United Kingdom","2018","26 min","https://www.idfa.nl/en/film/9bf09187-a3bc-4ca4-8cc2-2436e3b92d2f/artificial-things?filters[tvPrice]=Free&collectionType=idfa","2023-01-01"
"As We're Told","Erik Holmström, Fredrik Wenzel","Sweden","2017","28 min","https://www.idfa.nl/en/film/27d63a1f-77dd-4cc5-88e2-f9acde4f328d/as-were-told?filters[tvPrice]=Free&collectionType=idfa","2023-01-01"
"Asho","Jafar Najafi","Iran","2019","30 min","https://www.idfa.nl/en/film/a48ab375-5260-474c-b94c-78e85acd6da5/asho?filters[tvPrice]=Free&collectionType=idfa","2023-01-01"
"Askoo","Mohammad Ali Hashemzehi","Iran","2011","25 min","https://www.idfa.nl/en/film/c9ab9e63-34f1-4bdc-b652-f6c75721b834/askoo?filters[tvPrice]=Free&collectionType=idfa","2023-01-01"
"The Battle of the Jazz Guitarist","Mark Columbus","United States","2012","7 min","https://www.idfa.nl/en/film/15ef39c2-437e-45d4-9d3b-7ededa6c0107/the-battle-of-the-jazz-guitarist?filters[tvPrice]=Free&collectionType=idfa","2023-01-01"
"Bela Bela - What Keeps Mankind Alive","Marjoleine Boonstra","Netherlands","2001","73 min","https://www.idfa.nl/en/film/08c0c38d-3e15-41d4-878c-c7dfd0b8749d/bela-bela-what-keeps-mankind-alive?filters[tvPrice]=Free&collectionType=idfa","2023-01-01"
"Het beloofde land","John Appel","Netherlands","2000","50 min","https://www.idfa.nl/en/film/344e3807-f446-42b0-86d9-57a3b3508221/het-beloofde-land?filters[tvPrice]=Free&collectionType=idfa","2023-01-01"
"Bilal","Sourav Sarangi","India, Finland","2008","92 min","https://www.idfa.nl/en/film/283a2551-0cfa-40f0-b204-7d48ca84c500/bilal?filters[tvPrice]=Free&collectionType=idfa","2023-01-01"
"The Birds Are Silent in the Forest","Tim De Keersmaecker","Belgium","2007","18 min","https://www.idfa.nl/en/film/0f5b5853-857e-4977-90bb-c05bd3e6d00c/the-birds-are-silent-in-the-forest?filters[tvPrice]=Free&collectionType=idfa","2023-01-01"
"Black against White","Wagner Morales","Brazil","2004","78 min","https://www.idfa.nl/en/film/ec88c4fe-c2a9-4948-878d-ed6173176c65/black-against-white?filters[tvPrice]=Free&collectionType=idfa","2023-01-01"
"Blood Brothers","Marco Espírito Santo, Miguel Coimbra","Portugal","2015","6 min","https://www.idfa.nl/en/film/4f628a16-2b33-4869-b77d-fc022ce0bb86/blood-brothers?filters[tvPrice]=Free&collectionType=idfa","2023-01-01"
"La bonita","Maria del Mar Rosario","Cuba, Puerto Rico","2018","18 min","https://www.idfa.nl/en/film/6f29fad7-6d0c-4447-9a1d-62e3d67b08a1/la-bonita?filters[tvPrice]=Free&collectionType=idfa","2023-01-01"
"The Book of Distance","Randall Okita","Canada","2020","25 min","https://www.idfa.nl/en/film/49957ac0-70d9-489d-a084-26b6db904a08/the-book-of-distance?filters[tvPrice]=Free&collectionType=idfa","2023-01-01"
"The Box","Eva Stefani","Greece","2004","11 min","https://www.idfa.nl/en/film/ab9c9e26-4cd1-42b0-b53f-07ce9910d187/the-box?filters[tvPrice]=Free&collectionType=idfa","2023-01-01"
"Brainstream","Caroline Robert","Canada","2021","20 min","https://www.idfa.nl/en/film/259d2f4e-cc3a-4f06-9eaf-f13b8d4d7d81/brainstream?filters[tvPrice]=Free&collectionType=idfa","2023-01-01"
"Brilliant Noise","Semiconductor","England","2006","6 min","https://www.idfa.nl/en/film/51daa406-af9c-4680-b440-27e8b4191c98/brilliant-noise?filters[tvPrice]=Free&collectionType=idfa","2023-01-01"
"Buddy","Heddy Honigmann","Netherlands","2018","86 min","https://www.idfa.nl/en/film/dc88a59e-a060-4e53-818f-fd59b761ca51/buddy?filters[tvPrice]=Free&collectionType=idfa","2023-01-01"
"Butterfly Man","Samantha Rebillet","Australia","2004","6 min","https://www.idfa.nl/en/film/c708d476-7f74-4cf2-976c-8b5ba27d6790/butterfly-man?filters[tvPrice]=Free&collectionType=idfa","2023-01-01"
"Calling Ukraine","Jean Counet","Netherlands","2015","12 min","https://www.idfa.nl/en/film/e0976e06-3fc5-4fe3-949a-9dba664d69b2/calling-ukraine?filters[tvPrice]=Free&collectionType=idfa","2023-01-01"
"Camerawar.tv","Lech Kowalski","France, United States","2009","45 min","https://www.idfa.nl/en/film/b1918272-2ce5-4874-8c76-0f9e69c9b120/camerawar-tv?filters[tvPrice]=Free&collectionType=idfa","2023-01-01"
"Camera/Woman","Karima Zoubir","Morocco","2012","59 min","https://www.idfa.nl/en/film/17a9ce81-c37c-41f4-913c-9d32410ac56d/camera-woman?filters[tvPrice]=Free&collectionType=idfa","2023-01-01"
"Capturing Reality: The Art of Documentary","Pepita Ferrari, Steve Mackey","Canada","2009","230 min","https://www.idfa.nl/en/film/9fab6d3e-9060-4fdf-943f-7a59dbbe8da5/capturing-reality-the-art-of-documentary?filters[tvPrice]=Free&collectionType=idfa","2023-01-01"
"Carne","Camila Kater","Brazil, Spain","2019","12 min","https://www.idfa.nl/en/film/f7832ef1-fd5a-4654-a172-89aff5e5a180/carne?filters[tvPrice]=Free&collectionType=idfa","2023-01-01"
"La casa (ostinato crescendo)","Giovanni Giaretta","Netherlands","2018","6 min","https://www.idfa.nl/en/film/242173fa-34e2-4e77-b258-e12d086d2e38/la-casa-ostinato-crescendo?filters[tvPrice]=Free&collectionType=idfa","2023-01-01"
"The Caviar Connection","Dragan Nikolic","Serbia, United States","2008","58 min","https://www.idfa.nl/en/film/d2ad6b99-4e2e-4830-85d1-80a0cdf56673/the-caviar-connection?filters[tvPrice]=Free&collectionType=idfa","2023-01-01"
"Cecilia","Pankaj Johar","India, Norway","2015","85 min","https://www.idfa.nl/en/film/82880a53-1d32-4fbf-9650-95530a6b9538/cecilia?filters[tvPrice]=Free&collectionType=idfa","2023-01-01"
"Chanaika","Victor Vroegindeweij","Netherlands","2007","20 min","https://www.idfa.nl/en/film/5acd33dd-3ed5-4f64-850e-ac7d3b600bb2/chanaika?filters[tvPrice]=Free&collectionType=idfa","2023-01-01"
"Change of Choice","Chen Ling","China","2005","53 min","https://www.idfa.nl/en/film/70dc1d8e-4dec-412a-962e-4544b2b80434/change-of-choice?filters[tvPrice]=Free&collectionType=idfa","2023-01-01"
"Checks and Balances","Malek Bensmaïl","Algeria, France","2015","97 min","https://www.idfa.nl/en/film/cf945664-9db4-4e82-9685-06cd0b0c640f/checks-and-balances?filters[tvPrice]=Free&collectionType=idfa","2023-01-01"
"Children of the Decree","Florin Iepan","Germany, Romania","2004","52 min","https://www.idfa.nl/en/film/86cfee49-f6f4-4ee1-865e-a912c054a91f/children-of-the-decree?filters[tvPrice]=Free&collectionType=idfa","2023-01-01"
"The Chinese Mayor","Hao Zhou","China","2015","87 min","https://www.idfa.nl/en/film/938467d3-43c5-4839-8734-678b3922363d/the-chinese-mayor?filters[tvPrice]=Free&collectionType=idfa","2023-01-01"
"The Chirola","Diego Mondaca","Bolivia","2008","26 min","https://www.idfa.nl/en/film/9dd5eadb-b567-441c-9067-76f0f7483f4c/the-chirola?filters[tvPrice]=Free&collectionType=idfa","2023-01-01"
"Cinema Komunisto","Mila Turajlić","Serbia","2010","100 min","https://www.idfa.nl/en/film/f4b46c3d-9054-4a9a-a9c3-d3bc195c2c8f/cinema-komunisto?filters[tvPrice]=Free&collectionType=idfa","2023-01-01"
"The Circle","Lanre Malaolu","United Kingdom","2019","15 min","https://www.idfa.nl/en/film/947d78f6-f8f4-40a9-b425-6e6d481488ba/the-circle?filters[tvPrice]=Free&collectionType=idfa","2023-01-01"
"City of Photos","Nishtha Jain","India","2004","59 min","https://www.idfa.nl/en/film/1adc5276-eb66-43a0-b9be-cf5cbc436129/city-of-photos?filters[tvPrice]=Free&collectionType=idfa","2023-01-01"
"La ciudad de los fotógrafos","Sebastián Moreno","Chile","2006","80 min","https://www.idfa.nl/en/film/abfffdc7-4da1-4eb5-9998-d4fa9a73c459/la-ciudad-de-los-fotógrafos?filters[tvPrice]=Free&collectionType=idfa","2023-01-01"
"Climats","Rebecca Digne","Netherlands","2014","6 min","https://www.idfa.nl/en/film/7fc1ac08-3072-449e-8342-84fcfb9e4277/climats?filters[tvPrice]=Free&collectionType=idfa","2023-01-01"
"Coco Cabasa","Klaartje Til","Netherlands","2016","53 min","https://www.idfa.nl/en/film/0515b805-5153-4a33-84a4-6489ea36b9eb/coco-cabasa?filters[tvPrice]=Free&collectionType=idfa","2023-01-01"
"Connected","Aleksandra Maciejczyk","Poland","2018","18 min","https://www.idfa.nl/en/film/29f1ff18-6cb4-403d-ac78-2c78b6a4b1d5/connected?filters[tvPrice]=Free&collectionType=idfa","2023-01-01"
"Contamination","Carl Stevenson","England","2003","6 min","https://www.idfa.nl/en/film/b655c597-994f-41a0-b02e-98ba91f4385d/contamination?filters[tvPrice]=Free&collectionType=idfa","2023-01-01"
"Corpus Misty","Aubrey Heichemer","Germany","2020","18 min","https://www.idfa.nl/en/film/daad5267-384f-4d37-bfc4-51648409eed7/corpus-misty?filters[tvPrice]=Free&collectionType=idfa","2023-01-01"
"Couscous Global","Maartje Nevejan","Netherlands","2009","30 min","https://www.idfa.nl/en/film/6924c546-131e-49a8-a1e2-19018558d14c/couscous-global?filters[tvPrice]=Free&collectionType=idfa","2023-01-01"
"The Crisis of Credit Visualized","Jonathan Jarvis","United States","2009","11 min","https://www.idfa.nl/en/film/d25c79ec-1244-477f-81e5-7048f41af6c5/the-crisis-of-credit-visualized?filters[tvPrice]=Free&collectionType=idfa","2023-01-01"
"Crocodile Gennadiy","Steve Hoover","United States","2015","96 min","https://www.idfa.nl/en/film/ef9dbf67-0e97-403e-8dbb-84a94cb250a1/crocodile-gennadiy?filters[tvPrice]=Free&collectionType=idfa","2023-01-01"
"Cross Aid Post","Maria Mok, Meral Uslu","Netherlands","2007","85 min","https://www.idfa.nl/en/film/9ba5700b-d62b-48f5-ada4-414b077393e4/cross-aid-post?filters[tvPrice]=Free&collectionType=idfa","2023-01-01"
"The Crossing","Otávio Almeida","Cuba","2019","14 min","https://www.idfa.nl/en/film/a9bc23a5-9655-42d4-b0f9-4aab5b8e261e/the-crossing?filters[tvPrice]=Free&collectionType=idfa","2023-01-01"
"A Cry from the Grave","Leslie Woodhead","England","1999","104 min","https://www.idfa.nl/en/film/59b9f5fa-6e48-48f3-a0f2-47ca9a64d0ff/a-cry-from-the-grave?filters[tvPrice]=Free&collectionType=idfa","2023-01-01"
"Cucli","Xavier Marrades","Spain","2016","17 min","https://www.idfa.nl/en/film/20e51181-9615-40ca-8b87-4287171581be/cucli?filters[tvPrice]=Free&collectionType=idfa","2023-01-01"
"Cultures of Resistance","Iara Lee","United States","2010","73 min","https://www.idfa.nl/en/film/e19f8d90-ef6c-4469-ab75-2fad678fd5b1/cultures-of-resistance?filters[tvPrice]=Free&collectionType=idfa","2023-01-01"
"Dance Tonite","Jonathan Puckey, Roel Wouters for Moniker, Jeff Nusz","Netherlands, United States","2017","3 min","https://www.idfa.nl/en/film/890b77e0-5482-4fcd-8d70-479bf627a766/dance-tonite?filters[tvPrice]=Free&collectionType=idfa","2023-01-01"
"Danny's Parade","Anneke de Lind van Wijngaarden","Netherlands","2007","15 min","https://www.idfa.nl/en/film/866c424b-4b04-4886-91ec-2e53c606ea50/dannys-parade?filters[tvPrice]=Free&collectionType=idfa","2023-01-01"
"Dead Man Walking","Petar Oreskovic","Croatia, Bosnia-Herzegovina, Serbia","2006","85 min","https://www.idfa.nl/en/film/36831d7c-37d4-4be8-9812-0977193a4088/dead-man-walking?filters[tvPrice]=Free&collectionType=idfa","2023-01-01"
"Dear Araucaria","Matt Houghton","England","2015","10 min","https://www.idfa.nl/en/film/fac89b7a-a965-414f-b039-e16344ed2473/dear-araucaria?filters[tvPrice]=Free&collectionType=idfa","2023-01-01"
"Dear Mara, Letters from a Trip through Patagonia","Carlos Alejandro Echeverría","Argentina","2007","88 min","https://www.idfa.nl/en/film/b509e427-4380-4211-b265-a73f40e636cb/dear-mara-letters-from-a-trip-through-patagonia?filters[tvPrice]=Free&collectionType=idfa","2023-01-01"
"The Death of an Insect","Pekka Veikkolainen, Hannes Vartiainen","Finland","2010","7 min","https://www.idfa.nl/en/film/ee405d45-8827-4b58-9d7a-666edd2709f7/the-death-of-an-insect?filters[tvPrice]=Free&collectionType=idfa","2023-01-01"
"Deep Down Tidal","Tabita Rezaire","South Africa","2017","21 min","https://www.idfa.nl/en/film/b34ff427-21b2-4b49-b44b-cbbf6aa246f6/deep-down-tidal?filters[tvPrice]=Free&collectionType=idfa","2023-01-01"
"Delhi - Mumbai - Delhi","Saba Dewan","India","2006","63 min","https://www.idfa.nl/en/film/4f50f742-931e-4cca-9f26-89e13d70ac12/delhi-mumbai-delhi?filters[tvPrice]=Free&collectionType=idfa","2023-01-01"
"Demons in Paradise","Jude Ratnam","France, Sri Lanka","2017","94 min","https://www.idfa.nl/en/film/0565e70e-f3d2-45f4-b68f-e896b617535a/demons-in-paradise?filters[tvPrice]=Free&collectionType=idfa","2023-01-01"
"Deserter","Richard Rowley","United States","2007","22 min","https://www.idfa.nl/en/film/80ca4076-764a-4ba8-b47c-a8ec85ab3f45/deserter?filters[tvPrice]=Free&collectionType=idfa","2023-01-01"
"The Devil's Lair","Riaan Hendricks","South Africa","2013","82 min","https://www.idfa.nl/en/film/8b909ccc-8822-46e6-a9f1-a05fbdf1a1d3/the-devils-lair?filters[tvPrice]=Free&collectionType=idfa","2023-01-01"
"The Devil","Jean-Gabriel Périot","France","2012","7 min","https://www.idfa.nl/en/film/9b925674-0aaa-4b71-b798-fff1e575ca8d/the-devil?filters[tvPrice]=Free&collectionType=idfa","2023-01-01"
"Diário de Naná","Paschoal Samora","Brazil","2006","60 min","https://www.idfa.nl/en/film/dfd8b6de-7f13-467b-84ef-bdad1f1905a6/diário-de-naná?filters[tvPrice]=Free&collectionType=idfa","2023-01-01"
"Diary of Hunger","Mireia Pujol","Spain","2014","15 min","https://www.idfa.nl/en/film/70cffafc-ac62-444f-9498-22274f2c519d/diary-of-hunger?filters[tvPrice]=Free&collectionType=idfa","2023-01-01"
"A Different Kind of Gun","Peter Jordan","United States","2007","15 min","https://www.idfa.nl/en/film/44abd4be-36e5-43f6-96a9-79fe90bd333a/a-different-kind-of-gun?filters[tvPrice]=Free&collectionType=idfa","2023-01-01"
"Dinner with the President: A Nation's Journey","Sabiha Sumar, Sachithanandam Sathananthan","Pakistan","2007","58 min","https://www.idfa.nl/en/film/91e62cb7-2a66-4ed0-b595-a6cd03b85e63/dinner-with-the-president-a-nations-journey?filters[tvPrice]=Free&collectionType=idfa","2023-01-01"
"Divine Pig","Hans Dortmans","Netherlands","2010","55 min","https://www.idfa.nl/en/film/5ba7066f-b084-4907-8b28-7180cdd6a155/divine-pig?filters[tvPrice]=Free&collectionType=idfa","2023-01-01"
"Divorce Albanian Style","Adela Peeva","Bulgaria","2007","66 min","https://www.idfa.nl/en/film/18ab5490-b567-453e-9465-a54d7a17affd/divorce-albanian-style?filters[tvPrice]=Free&collectionType=idfa","2023-01-01"
"Divorce Iranian Style","Kim Longinotto, Ziba Mir-Hosseini","England","1998","80 min","https://www.idfa.nl/en/film/c47e11c0-a08b-4873-89a5-8ece0d80bef6/divorce-iranian-style?filters[tvPrice]=Free&collectionType=idfa","2023-01-01"
"Dolls - A Woman from Damascus","Diana El Jeiroudi","Syria, Denmark","2008","57 min","https://www.idfa.nl/en/film/8b853519-a541-4dd4-93bc-88357c83cca6/dolls-a-woman-from-damascus?filters[tvPrice]=Free&collectionType=idfa","2023-01-01"
"Doubled Up","Samantha Moore","England","2004","7 min","https://www.idfa.nl/en/film/63536b92-70e1-4724-b9b1-a85c837ca5e9/doubled-up?filters[tvPrice]=Free&collectionType=idfa","2023-01-01"
"Drawing Room","Jan Rothuizen, Sara Kolster","Netherlands","2015","7 min","https://www.idfa.nl/en/film/e37468b6-923a-4f97-92aa-d6530c4f736d/drawing-room?filters[tvPrice]=Free&collectionType=idfa","2023-01-01"
"Driftless: Stories from Iowa","Danny Wilcox Frazier, Brian Storm","United States","2009","31 min","https://www.idfa.nl/en/film/e967c8c0-0dd2-4964-b997-8f59405b2245/driftless-stories-from-iowa?filters[tvPrice]=Free&collectionType=idfa","2023-01-01"
"Dulce","Angello Faccini, Guille Isa","Colombia","2018","10 min","https://www.idfa.nl/en/film/8844dd0e-ebbc-4997-b7eb-c4b894cb7e81/dulce?filters[tvPrice]=Free&collectionType=idfa","2023-01-01"
"Earn a Living","Yuval Orr","France, Germany, Netherlands, United States","2018","90 min","https://www.idfa.nl/en/film/66a24480-d161-4266-a830-f389ed1cb14d/earn-a-living?filters[tvPrice]=Free&collectionType=idfa","2023-01-01"
"Education, Education","Weijun Chen","China, South Africa","2012","58 min","https://www.idfa.nl/en/film/fb5b5f63-b1b0-4118-a212-160ac1184e60/education-education?filters[tvPrice]=Free&collectionType=idfa","2023-01-01"
"Empire Interactive","Kel O'Neill, Eline Jongsma","United States, Netherlands","2014","80 min","https://www.idfa.nl/en/film/5d5f0be4-5545-4990-8ad8-4fd306a6d6f5/empire-interactive?filters[tvPrice]=Free&collectionType=idfa","2023-01-01"
"Eritrea Stars","John Appel","Netherlands","2015","55 min","https://www.idfa.nl/en/film/77a17a19-0a09-4dc1-9523-9163199ca655/eritrea-stars?filters[tvPrice]=Free&collectionType=idfa","2023-01-01"
"Estamira","Marcos Prado","Brazil","2004","115 min","https://www.idfa.nl/en/film/cd20a605-18f9-46c7-8532-bdeb2624444b/estamira?filters[tvPrice]=Free&collectionType=idfa","2023-01-01"
"Euromaidan. Rough Cut","Roman Bondarchuk","Ukraine","2014","60 min","https://www.idfa.nl/en/film/86f110b2-3f4d-4cd8-9914-6568fb0ed173/euromaidan-rough-cut?filters[tvPrice]=Free&collectionType=idfa","2023-01-01"
"Even a Bird Needs a Nest","Vincent Trintignant-Corneau, Christine Chansou","France","2012","57 min","https://www.idfa.nl/en/film/8d63de70-082e-4a12-8d20-bef671290e7d/even-a-bird-needs-a-nest?filters[tvPrice]=Free&collectionType=idfa","2023-01-01"
"Exhausting a Crowd","Kyle McDonald","United States","2015","720 min","https://www.idfa.nl/en/film/35167690-7923-4c6a-b077-57fb82f8524a/exhausting-a-crowd?filters[tvPrice]=Free&collectionType=idfa","2023-01-01"
"The Facility","Seth Freed Wessler","United States","2021","27 min","https://www.idfa.nl/en/film/c1c5bebd-5595-4db2-b17a-e46c1dfcaafb/the-facility?filters[tvPrice]=Free&collectionType=idfa","2023-01-01"
"Far Away from Far Away","Bruce Alcock, Jeremy Mendes","Canada","2019","30 min","https://www.idfa.nl/en/film/3a9f6d7b-eeb1-4e6a-b54d-9c4ca17eb946/far-away-from-far-away?filters[tvPrice]=Free&collectionType=idfa","2023-01-01"
"The Farewell","Alejandro Alonso Estrella","Cuba","2014","25 min","https://www.idfa.nl/en/film/3b8093fe-5cc1-4bb3-aec2-35ea4ba5a660/the-farewell?filters[tvPrice]=Free&collectionType=idfa","2023-01-01"
"The First Kid to Learn English from Mexico","Peter Jordan","United States","2008","20 min","https://www.idfa.nl/en/film/dd08960d-1515-46e9-8d3b-2ec50d08f7d8/the-first-kid-to-learn-english-from-mexico?filters[tvPrice]=Free&collectionType=idfa","2023-01-01"
"Flesh","Edouard Salier","France","2005","10 min","https://www.idfa.nl/en/film/cbd6a342-b138-47d9-8c0d-195736c7a4d5/flesh?filters[tvPrice]=Free&collectionType=idfa","2023-01-01"
"La flor de la vida","Adriana Loeff, Claudia Abend","Uruguay","2017","84 min","https://www.idfa.nl/en/film/434146f3-58ab-4d92-8e20-41a66e437a17/la-flor-de-la-vida?filters[tvPrice]=Free&collectionType=idfa","2023-01-01"
"Flower Punk","Alison Klayman","Japan, United States","2019","28 min","https://www.idfa.nl/en/film/2ffa1881-02bf-4bcb-85bf-543bdfdc8689/flower-punk?filters[tvPrice]=Free&collectionType=idfa","2023-01-01"
"Flying Anne","Catherine van Campen","Netherlands","2010","21 min","https://www.idfa.nl/en/film/1aac8e88-8fee-4ce1-8ee9-e417e848d5d9/flying-anne?filters[tvPrice]=Free&collectionType=idfa","2023-01-01"
"Focus Forward: Meet Mr.Toilet","Jessica Yu","United States","2012","3 min","https://www.idfa.nl/en/film/6fbd869b-6c82-47f9-8b27-e0f49fe97913/focus-forward-meet-mr-toilet?filters[tvPrice]=Free&collectionType=idfa","2023-01-01"
"The Fog of Srebrenica","Samir Mehanovic","Scotland, Bosnia-Herzegovina","2015","60 min","https://www.idfa.nl/en/film/dd448f2c-99b0-473e-aef8-cf47643e0c5d/the-fog-of-srebrenica?filters[tvPrice]=Free&collectionType=idfa","2023-01-01"
"For Home Viewing","Mikhail Zheleznikov","Russia","2009","29 min","https://www.idfa.nl/en/film/1ea3fc97-ef55-4aba-8d85-57ee5056008d/for-home-viewing?filters[tvPrice]=Free&collectionType=idfa","2023-01-01"
"Fordson","Rashid Ghazi","United States","2011","92 min","https://www.idfa.nl/en/film/78ce33ec-8093-4431-86ee-075c9733ca53/fordson?filters[tvPrice]=Free&collectionType=idfa","2023-01-01"
"Forest on Location","Persijn Broersen, Margit Lukacs","Netherlands","2018","10 min","https://www.idfa.nl/en/film/8aa351e2-1885-4b66-b760-e141114279a1/forest-on-location?filters[tvPrice]=Free&collectionType=idfa","2023-01-01"
"Four Horsemen","Ross Ashcroft","England","2011","97 min","https://www.idfa.nl/en/film/124c7ecb-f847-43f6-9953-008fb540ed1c/four-horsemen?filters[tvPrice]=Free&collectionType=idfa","2023-01-01"
"Frame 394","Rich Williamson","Canada","2016","30 min","https://www.idfa.nl/en/film/d60c9cdc-37bc-4586-bdfe-f1d0740b4405/frame-394?filters[tvPrice]=Free&collectionType=idfa","2023-01-01"
"A French Laundry","Elisabeth Vogler","France","2014","45 min","https://www.idfa.nl/en/film/70505d3b-d892-4a65-b737-dfb033a1ec7f/a-french-laundry?filters[tvPrice]=Free&collectionType=idfa","2023-01-01"
"Gatekeeper","Yung Chang","Canada, United States","2016","39 min","https://www.idfa.nl/en/film/af7aa1bd-097d-4e44-b111-879cbdbe9ce7/gatekeeper?filters[tvPrice]=Free&collectionType=idfa","2023-01-01"
"Gates of Aleppo","Wolfswift, Georg Hobmeier, Joshua Hollendonner","Austria, Syria","2020","8 min","https://www.idfa.nl/en/film/a0d6c632-e48e-499b-b2d9-ccb8bc5e1c79/gates-of-aleppo?filters[tvPrice]=Free&collectionType=idfa","2023-01-01"
"George Wallace: Settin' the Woods on Fire","Daniel McCabe, Paul Stekler","United States","2000","160 min","https://www.idfa.nl/en/film/a4621e47-cfb5-4d82-b81b-56da8cd27675/george-wallace-settin-the-woods-on-fire?filters[tvPrice]=Free&collectionType=idfa","2023-01-01"
"Give Us the Money","Bosse Lindquist","Sweden","2012","58 min","https://www.idfa.nl/en/film/42e3adff-a61e-4d20-b13c-07d71ff84cc4/give-us-the-money?filters[tvPrice]=Free&collectionType=idfa","2023-01-01"
"Glasfäden","Ben Wahl","Austria, Germany","2022","35 min","https://www.idfa.nl/en/film/0a0e421e-4a27-42ea-bfff-e8a207c34e19/glasfäden?filters[tvPrice]=Free&collectionType=idfa","2023-01-01"
"Glimpse","Alberto Iannuzzi, Dan Jawitz","South Africa","2005","26 min","https://www.idfa.nl/en/film/af3c3a7c-9386-4dca-9fc0-a07654bcbd74/glimpse?filters[tvPrice]=Free&collectionType=idfa","2023-01-01"
"Goliath: Playing with Reality","Barry Gene Murphy, May Abdalla","United Kingdom, France","2021","25 min","https://www.idfa.nl/en/film/4d80b2e8-4204-45c3-b450-a70b0081b7b9/goliath-playing-with-reality?filters[tvPrice]=Free&collectionType=idfa","2023-01-01"
"Graffiti Archaeology","Cassidy Curtis","United States","2002","15 min","https://www.idfa.nl/en/film/936c5c33-b392-4588-80fb-15436af5e05d/graffiti-archaeology?filters[tvPrice]=Free&collectionType=idfa","2023-01-01"
"The Great Abandonment","Shirley Abraham, Amit Madheshiya","India","2021","30 min","https://www.idfa.nl/en/film/fe982cd9-5f21-47e8-b15c-abafb9a3e1e9/the-great-abandonment?filters[tvPrice]=Free&collectionType=idfa","2023-01-01"
"Greenland Melting","Catherine Upin, Julia Cort, Nonny de la Peña, Raney Aronson-Rath","United States","2017","12 min","https://www.idfa.nl/en/film/0c93980b-a15b-40fd-857a-958a4ebb04a6/greenland-melting?filters[tvPrice]=Free&collectionType=idfa","2023-01-01"
"Guaxuma","Nara Normande","France, Brazil","2018","15 min","https://www.idfa.nl/en/film/9f3d1b5a-7ebf-42e2-b12d-d9d5681999af/guaxuma?filters[tvPrice]=Free&collectionType=idfa","2023-01-01"
"Hairat","Jessica Beshir","Ethiopia, United States, Mexico","2017","7 min","https://www.idfa.nl/en/film/0a053b45-10a1-4c42-a2d2-25c25fe495bc/hairat?filters[tvPrice]=Free&collectionType=idfa","2023-01-01"
"The Hanging","Geoffrey Feinberg","United States, Russia, Germany","2016","15 min","https://www.idfa.nl/en/film/0b3b5649-78b6-4308-bc3a-13ce63f59e94/the-hanging?filters[tvPrice]=Free&collectionType=idfa","2023-01-01"
"Happily Ever After","Ayman El Amir, Nada Riyadh","Egypt","2016","71 min","https://www.idfa.nl/en/film/b8c231fd-43aa-4256-a149-d5132edc65ad/happily-ever-after?filters[tvPrice]=Free&collectionType=idfa","2023-01-01"
"Happy Birthday, Mr. Mograbi","Avi Mograbi","Israel","1999","77 min","https://www.idfa.nl/en/film/cf24b267-5de2-45f1-9652-868578e86950/happy-birthday-mr-mograbi?filters[tvPrice]=Free&collectionType=idfa","2023-01-01"
"The Happy Sad Route (and a Comedian)","Linda Hakeboom","Netherlands","2013","50 min","https://www.idfa.nl/en/film/8f88453b-0642-4dc6-9a46-73fb899a0528/the-happy-sad-route-and-a-comedian?filters[tvPrice]=Free&collectionType=idfa","2023-01-01"
"He Fucked the Girl Out of Me","Taylor McCue","United States","2022","25 min","https://www.idfa.nl/en/film/de2f5394-b59e-46d4-83a8-26e227e547c2/he-fucked-the-girl-out-of-me?filters[tvPrice]=Free&collectionType=idfa","2023-01-01"
"Heart of Factory","Virna Molina, Ernesto Ardito","Argentina","2008","120 min","https://www.idfa.nl/en/film/c3bfe750-6117-4d21-bee4-211c945ed7c6/heart-of-factory?filters[tvPrice]=Free&collectionType=idfa","2023-01-01"
"Her Body and Other Mukbang","Echo Tang","United States","2022","3 min","https://www.idfa.nl/en/film/ef4ea7a5-bd08-464a-9029-89ccda60443e/her-body-and-other-mukbang?filters[tvPrice]=Free&collectionType=idfa","2023-01-01"
"Herd","Omer Daida","Israel","2021","37 min","https://www.idfa.nl/en/film/77d9449f-e452-43b9-bdd0-20b1af5f602e/herd?filters[tvPrice]=Free&collectionType=idfa","2023-01-01"
"Hidden Wounds","Tomas Kaan, Arnold van Bruggen","Netherlands","2013","8 min","https://www.idfa.nl/en/film/35986703-5e3f-4280-abbe-6ce02d9675b0/hidden-wounds?filters[tvPrice]=Free&collectionType=idfa","2023-01-01"
"HIGHRISE: One Millionth Tower","Katerina Cizek","Canada","2011","15 min","https://www.idfa.nl/en/film/7a386184-5e8b-479a-a986-9103e0b6aced/highrise-one-millionth-tower?filters[tvPrice]=Free&collectionType=idfa","2023-01-01"
"Hissein Habré, a Chadian Tragedy","Mahamat-Saleh Haroun","France, Chad","2016","82 min","https://www.idfa.nl/en/film/027e58d8-0c21-462a-ad84-3d3607923b8c/hissein-habré-a-chadian-tragedy?filters[tvPrice]=Free&collectionType=idfa","2023-01-01"
"Holland neutraal, de leger-  en vlootfilm","Willy Mullens","Netherlands","1917","165 min","https://www.idfa.nl/en/film/12606d33-2f58-415b-bd92-2066f7614fea/holland-neutraal-de-leger-en-vlootfilm?filters[tvPrice]=Free&collectionType=idfa","2023-01-01"
"Home Games","Alisa Kovalenko","France, Ukraine, Poland","2018","86 min","https://www.idfa.nl/en/film/1e6a6aae-0839-4c8e-b8b3-c19fc4066a6c/home-games?filters[tvPrice]=Free&collectionType=idfa","2023-01-01"
"How Big Is the Galaxy?","Ksenia Elyan","Russia, Estonia","2018","72 min","https://www.idfa.nl/en/film/e7e0f1bd-0685-456d-8923-fc847559e4b8/how-big-is-the-galaxy?filters[tvPrice]=Free&collectionType=idfa","2023-01-01"
"How to Make a Pearl","Jason Hanasik","United States, United Kingdom","2017","22 min","https://www.idfa.nl/en/film/2a0bd49f-a2a8-44bc-afc1-2d395b678ca6/how-to-make-a-pearl?filters[tvPrice]=Free&collectionType=idfa","2023-01-01"
"Human","Yann Arthus-Bertrand","France","2015","190 min","https://www.idfa.nl/en/film/1a3d45be-cc67-4fd6-8c72-acf02da67300/human?filters[tvPrice]=Free&collectionType=idfa","2023-01-01"
"Hybrid","Monteith McCollum","United States","2000","92 min","https://www.idfa.nl/en/film/07301e4a-e95e-4121-a23a-a3bc9b4259a9/hybrid?filters[tvPrice]=Free&collectionType=idfa","2023-01-01"
"I Am a Girl!","Susan Koenen","Netherlands","2010","15 min","https://www.idfa.nl/en/film/22fc28ab-8164-42f2-85cc-a267c3ee9ef1/i-am-a-girl?filters[tvPrice]=Free&collectionType=idfa","2023-01-01"
"I am Cuba, the Siberian Mammoth","Vicente Ferraz Goncalves","Brazil","2004","90 min","https://www.idfa.nl/en/film/a4aac9bd-73f5-480a-8541-f895d1d83df1/i-am-cuba-the-siberian-mammoth?filters[tvPrice]=Free&collectionType=idfa","2023-01-01"
"I Am Trying to Remember","Pegah Ahangarani","Iran, Czech Republic","2021","16 min","https://www.idfa.nl/en/film/5d0c6ffe-d4d5-4065-9921-661182644b71/i-am-trying-to-remember?filters[tvPrice]=Free&collectionType=idfa","2023-01-01"
"I Am","Denise Kelm Soares","Cuba, Brazil","2017","12 min","https://www.idfa.nl/en/film/eb4ff632-a0f8-4a77-8374-9c09ba32a627/i-am?filters[tvPrice]=Free&collectionType=idfa","2023-01-01"
"I Feel...","Elsbeth van Noppen","Netherlands","2010","15 min","https://www.idfa.nl/en/film/a23e8196-2fc8-4c72-92a5-3c1563514721/i-feel?filters[tvPrice]=Free&collectionType=idfa","2023-01-01"
"I Signed the Petition","Mahdi Fleifel","United Kingdom, Germany, Switzerland","2018","10 min","https://www.idfa.nl/en/film/1f9147e8-7223-4330-b911-f45c00a8a8b7/i-signed-the-petition?filters[tvPrice]=Free&collectionType=idfa","2023-01-01"
"I Will Marry the Whole Village","Zeljko Mirkovic","Serbia","2010","57 min","https://www.idfa.nl/en/film/c4603562-f736-4e3d-ae87-3c311201aabd/i-will-marry-the-whole-village?filters[tvPrice]=Free&collectionType=idfa","2023-01-01"
"If You Eat Garlic, You Get Full","Tamim Abdullah","Afghanistan","2011","10 min","https://www.idfa.nl/en/film/1d027746-f0ef-4bf0-aa3b-8a78c25d44e5/if-you-eat-garlic-you-get-full?filters[tvPrice]=Free&collectionType=idfa","2023-01-01"
"In Event of Moon Disaster","Francesca Panetta, Halsey Burgund","United States","2019","6 min","https://www.idfa.nl/en/film/29cebac4-4364-49d6-bf7a-479d16c04c02/in-event-of-moon-disaster?filters[tvPrice]=Free&collectionType=idfa","2023-01-01"
"In Flow of Words","Eliane Esther Bots","Netherlands","2021","23 min","https://www.idfa.nl/en/film/bdd123c5-cb3a-4d81-b55f-ebd6abf5d819/in-flow-of-words?filters[tvPrice]=Free&collectionType=idfa","2023-01-01"
". In for Motion","Anirban Datta","India, Finland","2008","59 min","https://www.idfa.nl/en/film/79a49cb7-2401-40a5-a634-3a95e561f941/in-for-motion?filters[tvPrice]=Free&collectionType=idfa","2023-01-01"
"In the Absence","Seung-Jun Yi","South Korea, United States","2018","29 min","https://www.idfa.nl/en/film/5970096c-220b-4765-93f1-134bee14f4d4/in-the-absence?filters[tvPrice]=Free&collectionType=idfa","2023-01-01"
"In the Dark","Sergei Dvortsevoy","Finland, Russia","2004","40 min","https://www.idfa.nl/en/film/3a3e0fdd-5ed3-4b1e-bfe0-e3374834bc9b/in-the-dark?filters[tvPrice]=Free&collectionType=idfa","2023-01-01"
"An Insignificant Man","Khushboo Ranka, Vinay Shukla","India","2016","96 min","https://www.idfa.nl/en/film/2859747f-22c4-4c10-bba9-0a8e6a1bae05/an-insignificant-man?filters[tvPrice]=Free&collectionType=idfa","2023-01-01"
"The Invisible Policeman","Laith Al-Juneidi","United Arab Emirates","2011","59 min","https://www.idfa.nl/en/film/9c6ba7da-4052-4646-8029-87f9c0127691/the-invisible-policeman?filters[tvPrice]=Free&collectionType=idfa","2023-01-01"
"Invoking Justice","Deepa Dhanraj","India, United States, Japan","2011","86 min","https://www.idfa.nl/en/film/739d33c4-31ee-4b2b-83e4-e1c7dddd9a26/invoking-justice?filters[tvPrice]=Free&collectionType=idfa","2023-01-01"
"It Has Already Been Ended Before You Can See the End","Shigeo Arikawa","Japan","2012","11 min","https://www.idfa.nl/en/film/885951f1-81fd-4e4b-8843-6afbdf470adb/it-has-already-been-ended-before-you-can-see-the-end?filters[tvPrice]=Free&collectionType=idfa","2023-01-01"
"I’m Never Afraid!","Willem Baptist","Netherlands","2010","20 min","https://www.idfa.nl/en/film/00dd5fb6-e553-4c85-8f01-9b1fd54e4f3a/im-never-afraid?filters[tvPrice]=Free&collectionType=idfa","2023-01-01"
"Jaba","Andreas Bolm","Germany","2006","37 min","https://www.idfa.nl/en/film/93c591de-5a05-459b-a71c-b072b97f06d3/jaba?filters[tvPrice]=Free&collectionType=idfa","2023-01-01"
"Jade Green Station","Yu Jian","China","2003","122 min","https://www.idfa.nl/en/film/3075d8b1-23c6-4678-8c4b-8a9f0c5f9338/jade-green-station?filters[tvPrice]=Free&collectionType=idfa","2023-01-01"
"Joe's Violin","Kahane Cooperman","United States","2016","24 min","https://www.idfa.nl/en/film/32f25f8f-2fd1-479a-9c5d-d26488dbf991/joes-violin?filters[tvPrice]=Free&collectionType=idfa","2023-01-01"
"Johan","Sjoerd Niekamp","Netherlands","2014","15 min","https://www.idfa.nl/en/film/6ffc219e-3163-406d-a947-6744ac16cd40/johan?filters[tvPrice]=Free&collectionType=idfa","2023-01-01"
"Journalists","Aleh Dashkevich","Belarus","2008","52 min","https://www.idfa.nl/en/film/72fa9f97-1a63-4def-9974-f37686f6bc1a/journalists?filters[tvPrice]=Free&collectionType=idfa","2023-01-01"
"The Journalist","Leiv Igor Devold","Poland","2004","8 min","https://www.idfa.nl/en/film/59a6387a-8d64-40ed-9146-50e891361903/the-journalist?filters[tvPrice]=Free&collectionType=idfa","2023-01-01"
"Jute: Letter for Carter","Gerrit van Dijk","Netherlands","1979","6 min","https://www.idfa.nl/en/film/d01c2463-b986-4c33-b544-39a6d0bb5aa2/jute-letter-for-carter?filters[tvPrice]=Free&collectionType=idfa","2023-01-01"
"Kamlabai","Reena Mohan","India","1992","46 min","https://www.idfa.nl/en/film/010bd6d7-6573-4c29-908c-976c289dc2e5/kamlabai?filters[tvPrice]=Free&collectionType=idfa","2023-01-01"
"Katya Krenalinova","Alexandra Lihacheva","Russia","2011","27 min","https://www.idfa.nl/en/film/26c2ab73-c71c-4b70-88f8-fd2a4b318100/katya-krenalinova?filters[tvPrice]=Free&collectionType=idfa","2023-01-01"
"Keiskamma - A Story of Love","Miki Redelinghuys","South Africa","2007","90 min","https://www.idfa.nl/en/film/f42c4832-7e13-4216-9fa8-5f451dec9441/keiskamma-a-story-of-love?filters[tvPrice]=Free&collectionType=idfa","2023-01-01"
"Kids Rights: Boglárka","Nora Ruszkai","Hungary","2011","3 min","https://www.idfa.nl/en/film/ef350d18-f516-4799-9ca1-149be731360f/kids-rights-boglárka?filters[tvPrice]=Free&collectionType=idfa","2023-01-01"
"Kids Rights: Gabriel","Iris Kleinsman, Yvonne Roerdink","Netherlands","2012","5 min","https://www.idfa.nl/en/film/e0611598-56f0-4253-a1bc-b5398fe15a61/kids-rights-gabriel?filters[tvPrice]=Free&collectionType=idfa","2023-01-01"
"King Naki and the Thundering Hooves","Tim Wege","South Africa","2011","79 min","https://www.idfa.nl/en/film/b0099e6a-10e6-4252-8c6e-c9d8cf8455ae/king-naki-and-the-thundering-hooves?filters[tvPrice]=Free&collectionType=idfa","2023-01-01"
"K'gari","Ella Rubeli, Boris Etingof, Kylie Boltin","Australia","2017","10 min","https://www.idfa.nl/en/film/21dcb11e-abf8-4e8b-ae2b-6524cf230382/kgari?filters[tvPrice]=Free&collectionType=idfa","2023-01-01"
"La Strada","Damir Cucic","Croatia","2004","29 min","https://www.idfa.nl/en/film/8c3a57ea-44e3-4a4b-8242-ed764edaa4ea/la-strada?filters[tvPrice]=Free&collectionType=idfa","2023-01-01"
"Land Rush","Hugo Berkeley, Osvalde Lewat","Mali, United States","2012","58 min","https://www.idfa.nl/en/film/0a2921be-2654-4d6c-a228-85d4dd1bbf72/land-rush?filters[tvPrice]=Free&collectionType=idfa","2023-01-01"
"The Last Rites","Yasmine Kabir","Bangladesh","2008","17 min","https://www.idfa.nl/en/film/3da1927d-0e4f-4cd0-9112-952a1ad98aab/the-last-rites?filters[tvPrice]=Free&collectionType=idfa","2023-01-01"
"The Last Station","Cristian Soto, Catalina Vergara","Chile, Germany","2012","90 min","https://www.idfa.nl/en/film/44fe66d4-dcb2-4a9d-b9a5-0ef19d551245/the-last-station?filters[tvPrice]=Free&collectionType=idfa","2023-01-01"
"The Last Victory","John Appel","Netherlands","2003","88 min","https://www.idfa.nl/en/film/7b9f5644-543c-4b1a-97f8-82c23685b43a/the-last-victory?filters[tvPrice]=Free&collectionType=idfa","2023-01-01"
"Laura & Anne 4 Ever","Susan Koenen","Netherlands","2008","23 min","https://www.idfa.nl/en/film/74636e65-3ece-4c8b-ad8c-c9a8f5b473da/laura-anne-4-ever?filters[tvPrice]=Free&collectionType=idfa","2023-01-01"
"Legend: A Film about Greg Garing","Emily Branham","United States","2010","8 min","https://www.idfa.nl/en/film/d81b159d-460d-448a-a1a5-e345c4fb9d07/legend-a-film-about-greg-garing?filters[tvPrice]=Free&collectionType=idfa","2023-01-01"
"Lenno & the Angelfish","Shamira Raphaëla","Netherlands","2017","19 min","https://www.idfa.nl/en/film/a44742ce-e49a-43a5-bb60-bed21f03bc8b/lenno-the-angelfish?filters[tvPrice]=Free&collectionType=idfa","2023-01-01"
"A Lesson of Belarusian","Miroslaw Dembinski","Poland","2006","51 min","https://www.idfa.nl/en/film/f1e9d54c-b802-464a-b41f-4fedd3687218/a-lesson-of-belarusian?filters[tvPrice]=Free&collectionType=idfa","2023-01-01"
"Let Me Go Home","Chiel Aldershoff","Netherlands","2009","15 min","https://www.idfa.nl/en/film/35276776-d425-4423-8126-2ce26e6437e4/let-me-go-home?filters[tvPrice]=Free&collectionType=idfa","2023-01-01"
"Limbo","Shehani Fernando","United Kingdom","2017","7 min","https://www.idfa.nl/en/film/01eeffc2-48fc-456e-832a-3c9e9311b9e2/limbo?filters[tvPrice]=Free&collectionType=idfa","2023-01-01"
"LISTEN","Astrid Bussink","Netherlands","2017","15 min","https://www.idfa.nl/en/film/371f36fa-c170-4a07-b993-e08335137e65/listen?filters[tvPrice]=Free&collectionType=idfa","2023-01-01"
"Little Ethiopia: Chez nous","Joe Bini, Maya Daisy Hawke","United Kingdom, United States","2020","90 min","https://www.idfa.nl/en/film/a237bb35-dec7-4cf3-b8bb-90f57c601660/little-ethiopia-chez-nous?filters[tvPrice]=Free&collectionType=idfa","2023-01-01"
"Little Miss Piggy","Ellen Vloet","Netherlands","2013","18 min","https://www.idfa.nl/en/film/b2f4f895-c29a-4e6d-b07e-58375bdbef0a/little-miss-piggy?filters[tvPrice]=Free&collectionType=idfa","2023-01-01"
"Little Voices","Jairo Eduardo Carrillo","Colombia","2010","75 min","https://www.idfa.nl/en/film/78f52acc-9f10-4980-a5ff-0ca2f2ac99ac/little-voices?filters[tvPrice]=Free&collectionType=idfa","2023-01-01"
"The Load","Victor Alexis Guerrero","Cuba","2015","25 min","https://www.idfa.nl/en/film/5e3fe14b-bece-4c42-8f98-da6c6725ab4b/the-load?filters[tvPrice]=Free&collectionType=idfa","2023-01-01"
"Lobotomy","Yury Khashchavatski","Belarus, Estonia, Germany, Poland","2010","57 min","https://www.idfa.nl/en/film/781b87b7-4ec5-461e-8f51-3c964262536e/lobotomy?filters[tvPrice]=Free&collectionType=idfa","2023-01-01"
"London Can Take It","Harry Watt, Humphrey Jennings","England","1940","9 min","https://www.idfa.nl/en/film/429c29bc-bc55-49a3-b3fd-6c4447682751/london-can-take-it?filters[tvPrice]=Free&collectionType=idfa","2023-01-01"
"Lonely Boy","Wolf Koenig, Roman Kroitor","Canada","1962","27 min","https://www.idfa.nl/en/film/a23fb7d9-5f41-41fe-92fe-fc66d229fc19/lonely-boy?filters[tvPrice]=Free&collectionType=idfa","2023-01-01"
"Longstay","Maria Mok, Meral Uslu","Netherlands","2009","90 min","https://www.idfa.nl/en/film/8188c742-1012-4866-97a5-e7a3964d308a/longstay?filters[tvPrice]=Free&collectionType=idfa","2023-01-01"
"LoVR","Aaron Bradbury","England","2014","4 min","https://www.idfa.nl/en/film/75f80d33-cb80-4c51-bf8e-583aab9ad250/lovr?filters[tvPrice]=Free&collectionType=idfa","2023-01-01"
"Lucanamarca","Carlos Cárdenas Tovar, Héctor Gálvez","Peru","2008","54 min","https://www.idfa.nl/en/film/c079c9b4-5757-435e-9fe8-86088e141bac/lucanamarca?filters[tvPrice]=Free&collectionType=idfa","2023-01-01"
"Lullaby","Victor Kossakovsky","Russia","2012","3 min","https://www.idfa.nl/en/film/72b71e8d-c62e-42ed-8b36-b7c373cd8630/lullaby?filters[tvPrice]=Free&collectionType=idfa","2023-01-01"
"Lyari Notes","Maheen Zia, Miriam Chandy Menacherry","India, Pakistan","2015","80 min","https://www.idfa.nl/en/film/e920c79c-874a-4872-ac1d-00e139d54c64/lyari-notes?filters[tvPrice]=Free&collectionType=idfa","2023-01-01"
"Magic Words (to Break a Spell)","Mercedes Moncada Rodríguez","Mexico, Guatemala, Nicaragua","2012","82 min","https://www.idfa.nl/en/film/f5ced55e-7766-4cc4-8d6b-6622ccdae0df/magic-words-to-break-a-spell?filters[tvPrice]=Free&collectionType=idfa","2023-01-01"
"Maids & Bosses","Abner Benaim","Panama, Argentina","2010","58 min","https://www.idfa.nl/en/film/98c3b5d8-2fbd-41cf-83c3-b0219b37e8f4/maids-bosses?filters[tvPrice]=Free&collectionType=idfa","2023-01-01"
"The Man Who Looked Beyond the Horizon","Martijn Blekendaal","Netherlands","2018","26 min","https://www.idfa.nl/en/film/39fbd8f2-14d9-438c-9ae6-f9aba6695787/the-man-who-looked-beyond-the-horizon?filters[tvPrice]=Free&collectionType=idfa","2023-01-01"
"Man with a Movie Camera: The Global Remake","Perry Bard","United States","2009","67 min","https://www.idfa.nl/en/film/52a17e3d-701d-410c-9aaa-36ab1cc61b31/man-with-a-movie-camera-the-global-remake?filters[tvPrice]=Free&collectionType=idfa","2023-01-01"
"The Many Sad Fates of Mr. Toledano","Joshua Seftel","United States","2015","27 min","https://www.idfa.nl/en/film/64bc736c-ef0f-4cd7-a945-68b3ef36a568/the-many-sad-fates-of-mr-toledano?filters[tvPrice]=Free&collectionType=idfa","2023-01-01"
"Maria Lionza, Breath of Orchids","John Petrizzelli","Venezuela","2007","82 min","https://www.idfa.nl/en/film/5195ba9e-da09-4eed-a90d-b53c610c65f1/maria-lionza-breath-of-orchids?filters[tvPrice]=Free&collectionType=idfa","2023-01-01"
"The Meadow","Jela Hasler","Switzerland","2015","9 min","https://www.idfa.nl/en/film/55221304-547e-476b-98a9-33f6da82b8fc/the-meadow?filters[tvPrice]=Free&collectionType=idfa","2023-01-01"
"A Memory in Three Acts","Inadelso Cossa","Mozambique","2016","64 min","https://www.idfa.nl/en/film/e681ef59-759d-49ba-aea0-c0527930694e/a-memory-in-three-acts?filters[tvPrice]=Free&collectionType=idfa","2023-01-01"
"Metodo dei Loci","Rebecca Digne","Italy","2019","4 min","https://www.idfa.nl/en/film/30d314d9-68f0-47d9-94b3-1f426879c1f7/metodo-dei-loci?filters[tvPrice]=Free&collectionType=idfa","2023-01-01"
"Mission: Hebron","Rona Segal","Israel","2020","22 min","https://www.idfa.nl/en/film/e5951944-ce64-4b8e-98dd-a5b392d6bfda/mission-hebron?filters[tvPrice]=Free&collectionType=idfa","2023-01-01"
"Monument","Gregorio Graziosi","Brazil","2012","10 min","https://www.idfa.nl/en/film/d8f4e0ce-d224-49db-aa43-15af6068107a/monument?filters[tvPrice]=Free&collectionType=idfa","2023-01-01"
"Mookie","Neske Beks","Netherlands","2012","19 min","https://www.idfa.nl/en/film/02c062b5-d534-4739-8698-c53a79fbc187/mookie?filters[tvPrice]=Free&collectionType=idfa","2023-01-01"
"Mortified","David Nadelberg","United States","2009","90 min","https://www.idfa.nl/en/film/bb777873-8d61-4222-a8a9-a30938d90262/mortified?filters[tvPrice]=Free&collectionType=idfa","2023-01-01"
"Mothership Goes to Brazil","Josefin Arnell","Sweden, Netherlands","2016","28 min","https://www.idfa.nl/en/film/b2101781-b045-49b6-9fbb-2d9664bed8a9/mothership-goes-to-brazil?filters[tvPrice]=Free&collectionType=idfa","2023-01-01"
"Motion/Static","Peter Gerard","Scotland","2009","12 min","https://www.idfa.nl/en/film/6fc8607b-2bce-4fd5-9b90-4ae2f6e25f0e/motion-static?filters[tvPrice]=Free&collectionType=idfa","2023-01-01"
"Motodrom","Joerg Wagner","Germany","2006","9 min","https://www.idfa.nl/en/film/6f3e91ec-816b-4543-ac16-c4b79a222915/motodrom?filters[tvPrice]=Free&collectionType=idfa","2023-01-01"
"Mushrooms of Concrete","Martijn Payens","Belgium, Albania","2010","23 min","https://www.idfa.nl/en/film/46011c40-5b95-4f8a-a0c0-621ac3a0c690/mushrooms-of-concrete?filters[tvPrice]=Free&collectionType=idfa","2023-01-01"
"Music Partisans","Miroslaw Dembinski","Poland","2007","58 min","https://www.idfa.nl/en/film/1271e61e-aef5-480c-aa5c-6f7863f11bac/music-partisans?filters[tvPrice]=Free&collectionType=idfa","2023-01-01"
"My Enemy, My Brother","Ann Shin","Canada","2016","17 min","https://www.idfa.nl/en/film/b9d1a5fd-b17c-4ff5-8049-170d674f31e4/my-enemy-my-brother?filters[tvPrice]=Free&collectionType=idfa","2023-01-01"
"My First Contact","Mari Corrêa, Kumaré Ikpeng","Brazil","2005","56 min","https://www.idfa.nl/en/film/79c8c519-f815-4105-8cbb-f5b47ec48346/my-first-contact?filters[tvPrice]=Free&collectionType=idfa","2023-01-01"
"My Inner Wolf","Roel Wouters, Luna Maurer","Netherlands","2019","5 min","https://www.idfa.nl/en/film/0511442a-c192-4c5f-a093-8bf6c70a6058/my-inner-wolf?filters[tvPrice]=Free&collectionType=idfa","2023-01-01"
"My Olympic Summer","Daniel Robin","United States","2007","12 min","https://www.idfa.nl/en/film/51c667ae-3327-45ba-97fd-86ba30a11ca3/my-olympic-summer?filters[tvPrice]=Free&collectionType=idfa","2023-01-01"
"My Silicone Love","Sophie Dros","Netherlands","2015","27 min","https://www.idfa.nl/en/film/27a93153-8a44-4227-a463-e208ddce4558/my-silicone-love?filters[tvPrice]=Free&collectionType=idfa","2023-01-01"
"Naked","Tove Kjellmark","Sweden","2009","9 min","https://www.idfa.nl/en/film/9540c169-351e-4a78-8ffe-d660a1433fb1/naked?filters[tvPrice]=Free&collectionType=idfa","2023-01-01"
"Naomi's Secret","Saskia Gubbels","Netherlands","2016","15 min","https://www.idfa.nl/en/film/76a4acc5-309f-44d2-bb01-2211228b1ed9/naomis-secret?filters[tvPrice]=Free&collectionType=idfa","2023-01-01"
"National Park","Dragan Nikolic","Serbia","2006","27 min","https://www.idfa.nl/en/film/85fbcbfe-94d2-4d2f-b9c7-40e6cef983df/national-park?filters[tvPrice]=Free&collectionType=idfa","2023-01-01"
"Nero's Guests","Deepa Bhatia","India","2009","55 min","https://www.idfa.nl/en/film/e9265992-0425-4592-acca-29d2ba61010b/neros-guests?filters[tvPrice]=Free&collectionType=idfa","2023-01-01"
"Never Like the First Time!","Jonas Odell","Sweden","2005","15 min","https://www.idfa.nl/en/film/420c1a3e-c169-4e9d-adfc-0d69b0a70794/never-like-the-first-time?filters[tvPrice]=Free&collectionType=idfa","2023-01-01"
"The Night Watchman","Natalia Almada","Mexico, United States","2011","72 min","https://www.idfa.nl/en/film/32aeaf9a-82b5-4401-8b15-8df6d5e3af8b/the-night-watchman?filters[tvPrice]=Free&collectionType=idfa","2023-01-01"
"Ninnoc","Niki Padidar","Netherlands","2015","18 min","https://www.idfa.nl/en/film/727e3b55-1be6-49dc-81cf-6a5e8ac25d88/ninnoc?filters[tvPrice]=Free&collectionType=idfa","2023-01-01"
"No Crying at the Dinner Table","Carol Nguyen","Canada","2019","16 min","https://www.idfa.nl/en/film/d5dd8478-aae8-4c48-804b-67eab8df7a6b/no-crying-at-the-dinner-table?filters[tvPrice]=Free&collectionType=idfa","2023-01-01"
"Nokia Mobile – We Were Connecting People","Arto Koskinen","Finland","2017","92 min","https://www.idfa.nl/en/film/19c2a290-eaf4-4854-a805-028c0d6db060/nokia-mobile-we-were-connecting-people?filters[tvPrice]=Free&collectionType=idfa","2023-01-01"
"Noosfera","Ileana Stanculescu, Artchil Khetagouri","Romania","2011","55 min","https://www.idfa.nl/en/film/60cad26c-112d-4146-b3bd-4fe42abf9a2c/noosfera?filters[tvPrice]=Free&collectionType=idfa","2023-01-01"
"Northern Lights","Kristoffer Kiørboe","Denmark","2009","27 min","https://www.idfa.nl/en/film/e103d273-4cd1-4598-851a-7bf8c2ecc30c/northern-lights?filters[tvPrice]=Free&collectionType=idfa","2023-01-01"
"Nose, Iranian Style","Mehrdad Oskouei","Iran","2005","52 min","https://www.idfa.nl/en/film/64ded396-9c92-4458-b2b6-648765128db1/nose-iranian-style?filters[tvPrice]=Free&collectionType=idfa","2023-01-01"
"Nothing Is Going to Happen","Roeland van Doorn","Netherlands","2013","12 min","https://www.idfa.nl/en/film/c3c0c8ab-6275-4c47-a3c9-e363f17e0159/nothing-is-going-to-happen?filters[tvPrice]=Free&collectionType=idfa","2023-01-01"
"Nuisance Bear","Jack Weisman, Gabriela Osio Vanden","Canada","2021","15 min","https://www.idfa.nl/en/film/e0a1deb1-c468-4ecb-b770-46b47fb69670/nuisance-bear?filters[tvPrice]=Free&collectionType=idfa","2023-01-01"
"Nutkin's Last Stand","Nick Berger","United States","2008","18 min","https://www.idfa.nl/en/film/ecffd1e5-a86b-4830-aa8d-e4743194136d/nutkins-last-stand?filters[tvPrice]=Free&collectionType=idfa","2023-01-01"
"Of Shame and Coffins","Maziar Bahari","Iran","2001","27 min","https://www.idfa.nl/en/film/a76fa001-58e5-411e-97e2-f06f26848ac6/of-shame-and-coffins?filters[tvPrice]=Free&collectionType=idfa","2023-01-01"
"Offside","Daniel Sivan, Dorit Tadir","Israel","2005","15 min","https://www.idfa.nl/en/film/fd3ddbe4-c683-44d6-b30c-eace8959d53b/offside?filters[tvPrice]=Free&collectionType=idfa","2023-01-01"
"OK Good","Alexandra Kulak, Yulia Kurmangalina, Anna Kornienko","Russia","2015","20 min","https://www.idfa.nl/en/film/3026699f-4eaa-4b7e-bc91-69df9fcd901d/ok-good?filters[tvPrice]=Free&collectionType=idfa","2023-01-01"
"The Olden Heralds","Luis Alejandro Yero","Cuba","2018","23 min","https://www.idfa.nl/en/film/92f1a4a3-31c3-470d-b9c4-c27b4792ba18/the-olden-heralds?filters[tvPrice]=Free&collectionType=idfa","2023-01-01"
"On the Way to School","Özgür Dogan, Orhan Eskikoy","Turkey, Netherlands","2008","80 min","https://www.idfa.nl/en/film/c2ab3427-19f3-47b5-874f-cf89d3a71c6f/on-the-way-to-school?filters[tvPrice]=Free&collectionType=idfa","2023-01-01"
"Once the Dust Settles","John Appel","Netherlands","2019","85 min","https://www.idfa.nl/en/film/08ff8363-760a-4f31-9651-06d1b3c2f6f7/once-the-dust-settles?filters[tvPrice]=Free&collectionType=idfa","2023-01-01"
"Operation Jane Walk","Leonhard Müllner, Robin Klengel","Austria","2018","17 min","https://www.idfa.nl/en/film/e45ff768-770e-4f7d-9bf7-33ba875d3f12/operation-jane-walk?filters[tvPrice]=Free&collectionType=idfa","2023-01-01"
"Order Electrus","Floris Kaayk","Netherlands","2005","8 min","https://www.idfa.nl/en/film/8ae4902e-7860-403e-8567-f9b4cc8f8b82/order-electrus?filters[tvPrice]=Free&collectionType=idfa","2023-01-01"
"The Other Cup","Damian Cukierkorn","Argentina","2006","90 min","https://www.idfa.nl/en/film/5b328f62-7b8e-4bcd-ae2c-1a4c995db05e/the-other-cup?filters[tvPrice]=Free&collectionType=idfa","2023-01-01"
"Paparazzi","Piotr W. Bernas","Poland","2011","33 min","https://www.idfa.nl/en/film/97c9fdd1-1f8f-417c-aee4-553354dd0f53/paparazzi?filters[tvPrice]=Free&collectionType=idfa","2023-01-01"
"Park Avenue: Money, Power and the American Dream","Alex Gibney","United States","2012","58 min","https://www.idfa.nl/en/film/15f80746-795e-4189-a5c2-5ad34c71dcd5/park-avenue-money-power-and-the-american-dream?filters[tvPrice]=Free&collectionType=idfa","2023-01-01"
"Parsi Wada, Tarapore - Present Day","Kaevan Umrigar","India","2005","22 min","https://www.idfa.nl/en/film/5cd61774-aa81-473a-b591-e1ee93bf0b22/parsi-wada-tarapore-present-day?filters[tvPrice]=Free&collectionType=idfa","2023-01-01"
"Patio","Alysson Muritiba","Brazil","2013","17 min","https://www.idfa.nl/en/film/e0e3901a-566c-4a7a-85b9-db4ff53568a5/patio?filters[tvPrice]=Free&collectionType=idfa","2023-01-01"
"Personal Truth","Charlie Shackleton","United Kingdom","2017","17 min","https://www.idfa.nl/en/film/22012f78-1123-4cdb-9317-6d166645100a/personal-truth?filters[tvPrice]=Free&collectionType=idfa","2023-01-01"
"Peter and Ben","Pinny Grylls","England","2007","10 min","https://www.idfa.nl/en/film/23bf6be2-8aee-4b8e-9eb9-8ff98a8cb4f0/peter-and-ben?filters[tvPrice]=Free&collectionType=idfa","2023-01-01"
"Phiro","Gregorio Graziosi","Brazil","2008","12 min","https://www.idfa.nl/en/film/6777dfb1-99a7-4268-8548-86279a74897e/phiro?filters[tvPrice]=Free&collectionType=idfa","2023-01-01"
"Plank","Billy Pols","Netherlands","2009","15 min","https://www.idfa.nl/en/film/2903cb52-187c-4d04-99e4-0832a1d7482d/plank?filters[tvPrice]=Free&collectionType=idfa","2023-01-01"
"Play for Keeps","Arnold van Bruggen","Netherlands","2011","18 min","https://www.idfa.nl/en/film/3cac5086-0e01-4e15-95b1-d1d12250c41d/play-for-keeps?filters[tvPrice]=Free&collectionType=idfa","2023-01-01"
"The Player","John Appel","Netherlands","2009","80 min","https://www.idfa.nl/en/film/329350f9-dd81-4096-b320-d9970a6b5914/the-player?filters[tvPrice]=Free&collectionType=idfa","2023-01-01"
"Please Remember Me","Qing Zhao","China","2015","78 min","https://www.idfa.nl/en/film/3e139694-dac0-4de2-903d-9eb7e7b2c724/please-remember-me?filters[tvPrice]=Free&collectionType=idfa","2023-01-01"
"Poison Fire","Lars Johansson","Tanzania","2008","28 min","https://www.idfa.nl/en/film/91bfe258-4186-41d5-b30c-1d39d656ba04/poison-fire?filters[tvPrice]=Free&collectionType=idfa","2023-01-01"
"Polaris","Chico Pereira","Scotland","2012","15 min","https://www.idfa.nl/en/film/8bf1b656-db99-4dc3-9475-1709d3c0dc3e/polaris?filters[tvPrice]=Free&collectionType=idfa","2023-01-01"
"Poor Us - An Animated History of Poverty","Ben Lewis","Netherlands","2012","58 min","https://www.idfa.nl/en/film/1afe5a49-a919-49bf-9b96-77a709d4c382/poor-us-an-animated-history-of-poverty?filters[tvPrice]=Free&collectionType=idfa","2023-01-01"
"Poppy Interactive","Antoinette de Jong, Robert Knoth","Netherlands","2017","100 min","https://www.idfa.nl/en/film/fc7b28ad-89ad-443c-b559-8c5287c71e82/poppy-interactive?filters[tvPrice]=Free&collectionType=idfa","2023-01-01"
"Potato Dreams","Wes Hurley","United States","2017","6 min","https://www.idfa.nl/en/film/50a4f2f7-6b91-4642-8473-f02ae67c1a98/potato-dreams?filters[tvPrice]=Free&collectionType=idfa","2023-01-01"
"Pouters","Paul Fegan","Scotland","2012","17 min","https://www.idfa.nl/en/film/69a64290-d9a7-4350-925a-e8c997867418/pouters?filters[tvPrice]=Free&collectionType=idfa","2023-01-01"
"The Prism: Krisis Greece 2011","Nikos Katsaounis, Nina Maria Paschalidou","Greece","2011","30 min","https://www.idfa.nl/en/film/fe8bf00c-e866-48d6-92f2-0fce3324705d/the-prism-krisis-greece-2011?filters[tvPrice]=Free&collectionType=idfa","2023-01-01"
"Prison Valley","David Dufresne, Philippe Brault","France","2010","100 min","https://www.idfa.nl/en/film/da1c4af6-2c0a-4b5f-b03c-2efbe155638e/prison-valley?filters[tvPrice]=Free&collectionType=idfa","2023-01-01"
"Prosopagnosia","Steven Fraser","United Kingdom","2021","11 min","https://www.idfa.nl/en/film/4a484f7c-82f3-46d6-8223-be15650f8621/prosopagnosia?filters[tvPrice]=Free&collectionType=idfa","2023-01-01"
"Public Solitude","Daniel Aragão","Brazil","2008","16 min","https://www.idfa.nl/en/film/1b291c09-ba81-456a-8ee1-fa0c501b3fd1/public-solitude?filters[tvPrice]=Free&collectionType=idfa","2023-01-01"
"The Queen","Manuel Abramovich","Argentina","2013","19 min","https://www.idfa.nl/en/film/22e586ef-e344-4df5-ae99-0b071ec14b88/the-queen?filters[tvPrice]=Free&collectionType=idfa","2023-01-01"
"Radio Amina","Orlando von Einsiedel","England","2011","8 min","https://www.idfa.nl/en/film/f0a14785-34bf-44ec-b334-63b454d254a6/radio-amina?filters[tvPrice]=Free&collectionType=idfa","2023-01-01"
"Rafea: Solar Mama","Jehane Noujaim, Mona Eldaief","United States, Denmark, England","2012","75 min","https://www.idfa.nl/en/film/b4da64c3-6436-4df9-8e2b-ece0de055550/rafea-solar-mama?filters[tvPrice]=Free&collectionType=idfa","2023-01-01"
"Raised by Krump","Maceo Frost","United States","2016","21 min","https://www.idfa.nl/en/film/4160bdc1-cb8e-4604-a598-37ba9877ffa2/raised-by-krump?filters[tvPrice]=Free&collectionType=idfa","2023-01-01"
"Ravi and Emma","Kylie Boltin, Ella Rubeli, Ravi Vasavan, Emma Anderson","Australia","2021","12 min","https://www.idfa.nl/en/film/2db71161-a9bf-4277-b9c6-b13252bd4330/ravi-and-emma?filters[tvPrice]=Free&collectionType=idfa","2023-01-01"
"Raymundo","Ernesto Ardito, Virna Molina","Argentina","2003","127 min","https://www.idfa.nl/en/film/703caa11-e2b0-466c-940d-30fb5cbfdd45/raymundo?filters[tvPrice]=Free&collectionType=idfa","2023-01-01"
"The Record Breaker","Brian McGinn","Denmark","2012","24 min","https://www.idfa.nl/en/film/36bff40f-53fd-4830-89ff-5647702fb5a4/the-record-breaker?filters[tvPrice]=Free&collectionType=idfa","2023-01-01"
"Red Wedding","Lida Chan, Guillaume Suon","Cambodia, France","2012","58 min","https://www.idfa.nl/en/film/d058d9d9-b3a9-4948-a190-88f53781bef9/red-wedding?filters[tvPrice]=Free&collectionType=idfa","2023-01-01"
"Remember Me, My Ghost","Ross McDonnell","Ireland","2011","17 min","https://www.idfa.nl/en/film/49c14801-1a46-458b-ae7a-f948cb34dd39/remember-me-my-ghost?filters[tvPrice]=Free&collectionType=idfa","2023-01-01"
"The Resistance of Honey","Peter Boyd Maclean","England","2016","9 min","https://www.idfa.nl/en/film/c223a572-8e98-416c-9e20-d70b43fb8ae5/the-resistance-of-honey?filters[tvPrice]=Free&collectionType=idfa","2023-01-01"
"Retiro Shelter","Jorge Leandro Colás","Argentina","2008","80 min","https://www.idfa.nl/en/film/21104bdb-276c-446a-83a7-b7a856ee3922/retiro-shelter?filters[tvPrice]=Free&collectionType=idfa","2023-01-01"
"Return to the Border","Liang Zhao","China, France","2005","56 min","https://www.idfa.nl/en/film/b9004a88-f8a3-407f-b600-6c8b6911900a/return-to-the-border?filters[tvPrice]=Free&collectionType=idfa","2023-01-01"
"Revolutionary Memories of Bahman Who Loved Leila","Farahnaz Sharifi","Iran","2012","15 min","https://www.idfa.nl/en/film/bef39fb3-6ef9-40bc-a0f6-40547540b070/revolutionary-memories-of-bahman-who-loved-leila?filters[tvPrice]=Free&collectionType=idfa","2023-01-01"
"Riskou or ""The Sharing of Cow""","Arice Siapi","Cameroon","2008","52 min","https://www.idfa.nl/en/film/8804c330-4287-4687-9694-c05abb7e9774/riskou-or-the-sharing-of-cow?filters[tvPrice]=Free&collectionType=idfa","2023-01-01"
"Rocknrollers","Daan Bol","Netherlands","2016","25 min","https://www.idfa.nl/en/film/4519f9eb-11b2-4289-bd08-d5cdc929de73/rocknrollers?filters[tvPrice]=Free&collectionType=idfa","2023-01-01"
"Rogalik","Pawel Ziemilski","Poland","2012","17 min","https://www.idfa.nl/en/film/f1775775-6c11-45d8-8420-224d14f852e2/rogalik?filters[tvPrice]=Free&collectionType=idfa","2023-01-01"
"Ryan","Chris Landreth","Canada","2004","14 min","https://www.idfa.nl/en/film/22505321-6cd2-4404-b045-ce16d63b2fcd/ryan?filters[tvPrice]=Free&collectionType=idfa","2023-01-01"
"Saba","Gregorio Graziosi, Thereza Menezes","Brazil","2006","15 min","https://www.idfa.nl/en/film/5ac35186-9a83-4fe7-a0d9-0f49c88fcb83/saba?filters[tvPrice]=Free&collectionType=idfa","2023-01-01"
"Sad Song of Yellow Skin","Michael Rubbo","Canada","1970","58 min","https://www.idfa.nl/en/film/88fa7942-d840-4cb3-8f47-49cb5bd05817/sad-song-of-yellow-skin?filters[tvPrice]=Free&collectionType=idfa","2023-01-01"
"Salata Baladi","Nadia Kamel","Egypt, Switzerland, France","2007","105 min","https://www.idfa.nl/en/film/ae87069a-e78a-4526-9c80-27b508459571/salata-baladi?filters[tvPrice]=Free&collectionType=idfa","2023-01-01"
"Salim Baba","Tim Sternberg","United States","2007","15 min","https://www.idfa.nl/en/film/458e8b91-aebc-4880-a1d3-ef11372f61fe/salim-baba?filters[tvPrice]=Free&collectionType=idfa","2023-01-01"
"The Same","Dejan Petrović","Serbia","2017","17 min","https://www.idfa.nl/en/film/c9067d6c-ddef-4637-a6c2-e5f4cec14cfd/the-same?filters[tvPrice]=Free&collectionType=idfa","2023-01-01"
"Saving Dolma","Kesang  Tseten Lama","Nepal, Kuwait","2010","56 min","https://www.idfa.nl/en/film/b47be8da-f521-44de-b6fa-50e09c461b05/saving-dolma?filters[tvPrice]=Free&collectionType=idfa","2023-01-01"
"Scenes from a Dry City","François Verster, Simon Wood","South Africa, United States","2018","13 min","https://www.idfa.nl/en/film/f3284e61-ab1e-4474-a995-e415190177dc/scenes-from-a-dry-city?filters[tvPrice]=Free&collectionType=idfa","2023-01-01"
"Scheppers","Chai Locher","Netherlands","2003","23 min","https://www.idfa.nl/en/film/396e07f9-76af-42ae-81b2-8abee35c88a3/scheppers?filters[tvPrice]=Free&collectionType=idfa","2023-01-01"
"Sea Point Days","François Verster","South Africa","2008","90 min","https://www.idfa.nl/en/film/c2b1e17f-990f-4c5d-81b5-b8aecde5f23e/sea-point-days?filters[tvPrice]=Free&collectionType=idfa","2023-01-01"
"Seeds of Deceit","Miriam Guttmann","Netherlands","2018","21 min","https://www.idfa.nl/en/film/f049fde4-a128-4c9d-afe2-d48ab83cae22/seeds-of-deceit?filters[tvPrice]=Free&collectionType=idfa","2023-01-01"
"Serbian Epics","Pawel Pawlikowski","England","1992","45 min","https://www.idfa.nl/en/film/e59d5ffa-6c54-477c-bbf0-8a64ba84ca46/serbian-epics?filters[tvPrice]=Free&collectionType=idfa","2023-01-01"
"The Sexperience 1000","Mint Digital, lingoBee","England","2011","50 min","https://www.idfa.nl/en/film/078942f2-1ac9-4396-9792-1a7f58649d42/the-sexperience-1000?filters[tvPrice]=Free&collectionType=idfa","2023-01-01"
"Shadegan","Ako Salemi","Iran","2019","15 min","https://www.idfa.nl/en/film/9ef1543d-e867-491c-af79-ac280137e4ad/shadegan?filters[tvPrice]=Free&collectionType=idfa","2023-01-01"
"Shadow Moves - The Homecoming of Regilio Tuur","Peter Molle","Netherlands","2002","50 min","https://www.idfa.nl/en/film/b653f737-478c-47a7-a9d9-0e813a5f1e6b/shadow-moves-the-homecoming-of-regilio-tuur?filters[tvPrice]=Free&collectionType=idfa","2023-01-01"
"Shakespeare and Victor Hugo´s Intimacies","Yulene Olaizola","Mexico","2008","80 min","https://www.idfa.nl/en/film/b296fde7-a36c-4444-8414-8468796817d4/shakespeare-and-victor-hugo-s-intimacies?filters[tvPrice]=Free&collectionType=idfa","2023-01-01"
"Shawaks","Kazim Öz","Turkey","2008","80 min","https://www.idfa.nl/en/film/1615221d-3dbc-4076-8fb1-062cc3a04f51/shawaks?filters[tvPrice]=Free&collectionType=idfa","2023-01-01"
"She Breathes Water","Penny Siopis","South Africa","2019","5 min","https://www.idfa.nl/en/film/bb3a78fd-e474-4212-9838-646c79889a7e/she-breathes-water?filters[tvPrice]=Free&collectionType=idfa","2023-01-01"
"The Shillong Chamber Choir and the Little Home School","Urmi Juvekar","India","2008","27 min","https://www.idfa.nl/en/film/0df67b99-f87f-4856-ad8e-8f123287a153/the-shillong-chamber-choir-and-the-little-home-school?filters[tvPrice]=Free&collectionType=idfa","2023-01-01"
"Shungu: The Resilience of a People","Saki Mafundikwa","Zimbabwe","2009","54 min","https://www.idfa.nl/en/film/2fbf62bb-1169-400c-b7ef-153e7950bd0d/shungu-the-resilience-of-a-people?filters[tvPrice]=Free&collectionType=idfa","2023-01-01"
"The Shutdown","Adam Stafford","Scotland","2009","10 min","https://www.idfa.nl/en/film/c1ccc649-cbad-4188-a413-bb8198fe80bc/the-shutdown?filters[tvPrice]=Free&collectionType=idfa","2023-01-01"
"The Silent Monologue","Khady Sylla, Charlie Van Damme","Senegal, France, Belgium","2008","45 min","https://www.idfa.nl/en/film/fad61422-8ac1-4322-8507-4804a898e0e0/the-silent-monologue?filters[tvPrice]=Free&collectionType=idfa","2023-01-01"
"Singlewallcity","Sevgi Ortaç","Turkey","2006","6 min","https://www.idfa.nl/en/film/10785b50-52db-46f3-907b-aa3ecd30c7fc/singlewallcity?filters[tvPrice]=Free&collectionType=idfa","2023-01-01"
"The Sinking Village","Márton Szirmai","Hungary","2007","23 min","https://www.idfa.nl/en/film/55f1cad1-6590-4989-9d5a-742c82a5ce84/the-sinking-village?filters[tvPrice]=Free&collectionType=idfa","2023-01-01"
"The Siren of Faso Fani","Michel K. Zongo","France, Burkina Faso, Germany","2014","89 min","https://www.idfa.nl/en/film/02529c77-67db-4670-83b4-0f8a94caa199/the-siren-of-faso-fani?filters[tvPrice]=Free&collectionType=idfa","2023-01-01"
"Six Weeks in June","Stuart Hilton","England","1998","6 min","https://www.idfa.nl/en/film/8aa6ffcb-60e7-4f2b-b040-f73e47c32bc5/six-weeks-in-june?filters[tvPrice]=Free&collectionType=idfa","2023-01-01"
"Six Weeks","Marcin Janos Krawczyk","Poland","2009","18 min","https://www.idfa.nl/en/film/f73a5d9d-adfc-49d9-b61e-f02516767b5e/six-weeks?filters[tvPrice]=Free&collectionType=idfa","2023-01-01"
"Six Yards to Democracy","Smriti Nevatia, Nishtha Jain","India","2006","56 min","https://www.idfa.nl/en/film/69e333e7-5c4e-4f67-ab8c-14edc99655a8/six-yards-to-democracy?filters[tvPrice]=Free&collectionType=idfa","2023-01-01"
"Skip Day","Ivete Lucas, Patrick Bresnan","United States, United Kingdom","2018","17 min","https://www.idfa.nl/en/film/53cf26cb-4804-44ab-80be-07cb4a7452bc/skip-day?filters[tvPrice]=Free&collectionType=idfa","2023-01-01"
"Skulls, of My People","Vincent Moloi","South Africa","2016","67 min","https://www.idfa.nl/en/film/048bcdc9-47f5-4279-aa90-ebcc8db1e5b7/skulls-of-my-people?filters[tvPrice]=Free&collectionType=idfa","2023-01-01"
"Slaves - An Animated Documentary","Hanna Heilborn, David Aronowitsch","Sweden, Norway, Denmark","2008","15 min","https://www.idfa.nl/en/film/1a883707-48df-4434-a5f5-f0a9e3b57691/slaves-an-animated-documentary?filters[tvPrice]=Free&collectionType=idfa","2023-01-01"
"The Sniper of Kobani","Reber Dosky","Netherlands","2015","12 min","https://www.idfa.nl/en/film/0eb68102-8271-4ba5-94f3-9504db32cf25/the-sniper-of-kobani?filters[tvPrice]=Free&collectionType=idfa","2023-01-01"
"Soldier Brother","Kaitlin Ann Jones, Alicia Smith","Canada","2011","15 min","https://www.idfa.nl/en/film/03888c5a-683e-49f9-8085-2ee288c64a54/soldier-brother?filters[tvPrice]=Free&collectionType=idfa","2023-01-01"
"Soldier on the Roof","Esther Hertog","Netherlands","2012","80 min","https://www.idfa.nl/en/film/943f1fc1-895c-49a9-8d70-631327aab42a/soldier-on-the-roof?filters[tvPrice]=Free&collectionType=idfa","2023-01-01"
"Some Distant Day","Vincent Hunter","Scotland","2004","24 min","https://www.idfa.nl/en/film/de5f5da4-508d-4f52-b798-fb5b77290830/some-distant-day?filters[tvPrice]=Free&collectionType=idfa","2023-01-01"
"Some Kind of Sadness","Juan Alejandro Ramirez","Peru","2006","41 min","https://www.idfa.nl/en/film/f10ecf62-c1db-4c09-9381-997e016e9fbd/some-kind-of-sadness?filters[tvPrice]=Free&collectionType=idfa","2023-01-01"
"Somewhere Else","Micha Wertheim","Netherlands","2016","90 min","https://www.idfa.nl/en/film/26ecd948-72d6-4997-9628-343ef2ccc097/somewhere-else?filters[tvPrice]=Free&collectionType=idfa","2023-01-01"
"Soul Patron","Frederik Rieckher","Germany, Japan","2010","30 min","https://www.idfa.nl/en/film/2fe94aff-1978-42cd-b9ee-5434f07979cf/soul-patron?filters[tvPrice]=Free&collectionType=idfa","2023-01-01"
"The Sound of Masks","Sara de Gouveia","South Africa, Portugal","2018","70 min","https://www.idfa.nl/en/film/eb216d00-2fdd-4fa9-b5c4-355ec902a56b/the-sound-of-masks?filters[tvPrice]=Free&collectionType=idfa","2023-01-01"
"Spitting Ink","Ralph de Haan, Lars Siemens","Netherlands","2009","39 min","https://www.idfa.nl/en/film/658c0683-3093-414e-9afc-898a7aa4150f/spitting-ink?filters[tvPrice]=Free&collectionType=idfa","2023-01-01"
"De stad was van ons","Joost Seelen","Netherlands","1996","95 min","https://www.idfa.nl/en/film/ef03ee11-3f2a-4e84-bd55-e0e782602551/de-stad-was-van-ons?filters[tvPrice]=Free&collectionType=idfa","2023-01-01"
"Stealing Africa","Christoffer Guldbrandsen","Denmark","2012","58 min","https://www.idfa.nl/en/film/fe086808-4690-4544-9b11-223f1132740b/stealing-africa?filters[tvPrice]=Free&collectionType=idfa","2023-01-01"
"Story of a Beautiful Country","Khalo Matabane","Canada, South Africa","2004","73 min","https://www.idfa.nl/en/film/642fafe3-cc0a-4390-9432-bb0116db7434/story-of-a-beautiful-country?filters[tvPrice]=Free&collectionType=idfa","2023-01-01"
"Story of a Day","Rosana Matecki","Venezuela","2009","89 min","https://www.idfa.nl/en/film/f9eb06e1-9e99-40f5-a37e-71dd5fc8d11e/story-of-a-day?filters[tvPrice]=Free&collectionType=idfa","2023-01-01"
"Strangers with Patrick Watson","Félix Lajeunesse, Paul Raphaël, Chris Lavis, Maciek Szczerbowski","Canada","2014","5 min","https://www.idfa.nl/en/film/8a3f5ba3-091a-4217-9d23-5f018a7f1803/strangers-with-patrick-watson?filters[tvPrice]=Free&collectionType=idfa","2023-01-01"
"Street Fight","Marshall Curry","United States","2005","82 min","https://www.idfa.nl/en/film/0ba9e504-7de6-4234-9c37-d386afeee49b/street-fight?filters[tvPrice]=Free&collectionType=idfa","2023-01-01"
"Streets","Victor Carrera","Ecuador","2009","13 min","https://www.idfa.nl/en/film/b106d6c3-4017-49e6-8197-6708f934b63a/streets?filters[tvPrice]=Free&collectionType=idfa","2023-01-01"
"Strike a Rock","Aliki Saragas-Georgiou","South Africa","2017","87 min","https://www.idfa.nl/en/film/f6acbdb0-339e-436a-a3de-94c240fdd93b/strike-a-rock?filters[tvPrice]=Free&collectionType=idfa","2023-01-01"
"Sunrise over Tiananmen Square","Shui-bo Wang","Canada","1998","30 min","https://www.idfa.nl/en/film/41926d8f-c294-47c7-8e7d-13d097d6cdaf/sunrise-over-tiananmen-square?filters[tvPrice]=Free&collectionType=idfa","2023-01-01"
"Surfing the Waste: A Musical Documentary About Dumpster Diving","Paul Aflalo, Tomoe Yoshihara, Sandra Lombardi","Canada","2008","17 min","https://www.idfa.nl/en/film/9985a280-a7de-40dd-b463-14346080e7ad/surfing-the-waste-a-musical-documentary-about-dumpster-diving?filters[tvPrice]=Free&collectionType=idfa","2023-01-01"
"Surviving in NL: Raw","Anneloek Sollart","Netherlands","2008","26 min","https://www.idfa.nl/en/film/c169e4ac-9e57-43d4-a9ea-c6dee09d8fd3/surviving-in-nl-raw?filters[tvPrice]=Free&collectionType=idfa","2023-01-01"
"Susya","Dani Rosenberg, Yoav Gross","Israel","2011","15 min","https://www.idfa.nl/en/film/92c167d6-579f-4641-9eb1-ca9cf914205b/susya?filters[tvPrice]=Free&collectionType=idfa","2023-01-01"
"Svyato","Victor Kossakovsky","Russia","2005","45 min","https://www.idfa.nl/en/film/f0fd9dfc-1834-41b5-b91e-ade120c7869a/svyato?filters[tvPrice]=Free&collectionType=idfa","2023-01-01"
"Table Talk","Yanara Guayasamin","Ecuador","2007","6 min","https://www.idfa.nl/en/film/15e21ba7-6a89-46ac-ae5b-7f634779c481/table-talk?filters[tvPrice]=Free&collectionType=idfa","2023-01-01"
"Tagfish","Berlin","Belgium, Germany","2010","60 min","https://www.idfa.nl/en/film/11230d15-5811-4770-bae7-3c5dd8260921/tagfish?filters[tvPrice]=Free&collectionType=idfa","2023-01-01"
"Tambogrande: Mangos, Murder, Mining","Ernesto Cabellos, Stephanie Boyd","Peru","2006","85 min","https://www.idfa.nl/en/film/95aafd42-1248-4d4b-bf1a-0be199a5584c/tambogrande-mangos-murder-mining?filters[tvPrice]=Free&collectionType=idfa","2023-01-01"
"The Task","Rhiannon Stevens O'Sullivan","Australia, Cuba, Brazil","2013","21 min","https://www.idfa.nl/en/film/9a344ad7-057c-4231-a0bb-3241da1ff6b0/the-task?filters[tvPrice]=Free&collectionType=idfa","2023-01-01"
"Tchissète, le miroir touareg","Sébastien Wielemans","Belgium","2004","52 min","https://www.idfa.nl/en/film/ce07a4df-70a1-418e-b5b8-b29a63d7a871/tchissète-le-miroir-touareg?filters[tvPrice]=Free&collectionType=idfa","2023-01-01"
"Tehran Has No More Pomegranates!","Massoud Bakhshi","Iran","2006","68 min","https://www.idfa.nl/en/film/64dc6c57-f7ce-4b8d-9352-080af884b91a/tehran-has-no-more-pomegranates?filters[tvPrice]=Free&collectionType=idfa","2023-01-01"
"Télé guerre","Luc Youlouka Damiba, Abdoulaye Diallo, Gideon Vink","Burkina Faso","2006","55 min","https://www.idfa.nl/en/film/e6383890-5d6e-464f-815c-0af16e3d2a29/télé-guerre?filters[tvPrice]=Free&collectionType=idfa","2023-01-01"
"Tell Mario Not to Come Back","Mario Handler","Uruguay, Spain","2007","82 min","https://www.idfa.nl/en/film/1cebb8d3-41f2-4178-8059-032e291e8ab5/tell-mario-not-to-come-back?filters[tvPrice]=Free&collectionType=idfa","2023-01-01"
"Tenrikyo, une tradition en toge noire","Mesmer Rufin Mbou Mikima","Congo, Democratic Republic of the","2006","60 min","https://www.idfa.nl/en/film/641500fd-7ccb-4bb6-8085-7ca4afeee472/tenrikyo-une-tradition-en-toge-noire?filters[tvPrice]=Free&collectionType=idfa","2023-01-01"
"Ten","Nathalie Crum","Netherlands","2015","17 min","https://www.idfa.nl/en/film/df16151f-e51a-4882-bd59-5e5cc7eb0aed/ten?filters[tvPrice]=Free&collectionType=idfa","2023-01-01"
"Thanatorama","Ana Maria de Jésus","France","2007","45 min","https://www.idfa.nl/en/film/a1659d60-135e-4660-b81a-983605ba5b2d/thanatorama?filters[tvPrice]=Free&collectionType=idfa","2023-01-01"
"That's Wicked!","Joycelyn Lee","Singapore","2012","11 min","https://www.idfa.nl/en/film/08a9373a-8c3d-4cb5-ab2c-5b27324a86e6/thats-wicked?filters[tvPrice]=Free&collectionType=idfa","2023-01-01"
"The Cage","Noah Lerner","United States","1993","17 min","https://www.idfa.nl/en/film/57cb0b64-e87c-4043-ab5d-16670ecaca20/the-cage?filters[tvPrice]=Free&collectionType=idfa","2023-01-01"
"Thea","Halvor Nitteberg","Norway","2016","13 min","https://www.idfa.nl/en/film/92526232-8fda-480e-9dfb-7c015442fd4b/thea?filters[tvPrice]=Free&collectionType=idfa","2023-01-01"
"There Goes My Heart","John Appel","Netherlands","2005","58 min","https://www.idfa.nl/en/film/a8eb826d-4641-45d4-8be8-91034cd646a3/there-goes-my-heart?filters[tvPrice]=Free&collectionType=idfa","2023-01-01"
"A Thin Black Line","Douglas Watkin, Oscar Raby, Vernon Ah Kee","Australia","2017","12 min","https://www.idfa.nl/en/film/00a2491d-6494-42b7-b82d-195b32daf377/a-thin-black-line?filters[tvPrice]=Free&collectionType=idfa","2023-01-01"
"The Thirst of a Stone Sea","Vladimir Perovic","Montenegro, Serbia","2007","79 min","https://www.idfa.nl/en/film/303ad538-4ea5-447f-9458-0f52f22463fd/the-thirst-of-a-stone-sea?filters[tvPrice]=Free&collectionType=idfa","2023-01-01"
"This American Life","Ira Glass, Chris Wilcha, Adam Beckman","United States","2009","90 min","https://www.idfa.nl/en/film/03a83a4e-97ea-4a7a-be7a-882f5cb9b8d2/this-american-life?filters[tvPrice]=Free&collectionType=idfa","2023-01-01"
"The Tightrope","Nuria Ibáñez","Mexico","2009","85 min","https://www.idfa.nl/en/film/4a1b37d3-d1b4-4c6b-909f-b6688f9cb6ca/the-tightrope?filters[tvPrice]=Free&collectionType=idfa","2023-01-01"
"Time within Time","Menno Otten","Netherlands","2009","20 min","https://www.idfa.nl/en/film/c957c89b-fa0a-4943-96dd-8303eb84aace/time-within-time?filters[tvPrice]=Free&collectionType=idfa","2023-01-01"
"Tito","Janja Glogovac","Slovenia","2001","60 min","https://www.idfa.nl/en/film/3b57904b-ee8e-4f5c-8f2c-92406985af04/tito?filters[tvPrice]=Free&collectionType=idfa","2023-01-01"
"Transactions","Yin-Ju Chen","Taiwan","2008","8 min","https://www.idfa.nl/en/film/02c1f6ed-c037-4207-8dc0-bc66ac29017b/transactions?filters[tvPrice]=Free&collectionType=idfa","2023-01-01"
"Trapped in the City of a Thousand Mountains","David Verbeek","Netherlands, China","2018","23 min","https://www.idfa.nl/en/film/ef19cc30-5f00-4b32-b4bc-905a407ca9b9/trapped-in-the-city-of-a-thousand-mountains?filters[tvPrice]=Free&collectionType=idfa","2023-01-01"
"Travelling on the Path of Fear","Silvio Mirošničenko","Croatia","2006","25 min","https://www.idfa.nl/en/film/a08e0368-b1f0-4808-a3f5-826d9f8816d5/travelling-on-the-path-of-fear?filters[tvPrice]=Free&collectionType=idfa","2023-01-01"
"Tripping with Zhirinovsky","Pawel Pawlikowski","England","1995","40 min","https://www.idfa.nl/en/film/ea91dfa6-656f-4890-8b2c-2fc1513c413c/tripping-with-zhirinovsky?filters[tvPrice]=Free&collectionType=idfa","2023-01-01"
"The Trip","Bartosz Kruhlik","Poland","2010","12 min","https://www.idfa.nl/en/film/c7769a8d-7816-4232-a2c3-85f692300f53/the-trip?filters[tvPrice]=Free&collectionType=idfa","2023-01-01"
"True Love in Pueblo Textil","Horatio Baltz","Cuba, United States","2017","5 min","https://www.idfa.nl/en/film/f8436990-adbb-42bd-a58f-d3e4c21d544a/true-love-in-pueblo-textil?filters[tvPrice]=Free&collectionType=idfa","2023-01-01"
"Tungrus","Rishi Chandna","India","2018","13 min","https://www.idfa.nl/en/film/ae1cbfbc-b217-41a0-bbab-376197f9802a/tungrus?filters[tvPrice]=Free&collectionType=idfa","2023-01-01"
"Two Girls Against the Rain","Sopheak Sao","Cambodia","2012","11 min","https://www.idfa.nl/en/film/f233683c-3ca0-4e4b-8980-2986047164a2/two-girls-against-the-rain?filters[tvPrice]=Free&collectionType=idfa","2023-01-01"
"Two-Spirit","Mónica Taboada-Tapia","Colombia","2021","16 min","https://www.idfa.nl/en/film/993d158b-bf96-4017-b941-c85bf4f324a5/two-spirit?filters[tvPrice]=Free&collectionType=idfa","2023-01-01"
"Ukrainian Sheriffs","Roman Bondarchuk","Ukraine, Latvia, Germany","2015","80 min","https://www.idfa.nl/en/film/a0a4f704-baa8-4166-9a1f-2036cee0ef47/ukrainian-sheriffs?filters[tvPrice]=Free&collectionType=idfa","2023-01-01"
"Underworld: a Virtual Experience of the London Sewers","Francesca Panetta","England","2016","6 min","https://www.idfa.nl/en/film/54e8f194-a923-4b46-a1bf-0e58a7b0c3b9/underworld-a-virtual-experience-of-the-london-sewers?filters[tvPrice]=Free&collectionType=idfa","2023-01-01"
"Unheard","Erin Kökdil","United States","2016","6 min","https://www.idfa.nl/en/film/0d288ede-1a09-42c6-a796-c2516de23243/unheard?filters[tvPrice]=Free&collectionType=idfa","2023-01-01"
"Unit 25","Alejo Hoijman","Argentina, Spain","2008","93 min","https://www.idfa.nl/en/film/d46542bd-cd1a-49a8-a421-88580aff0945/unit-25?filters[tvPrice]=Free&collectionType=idfa","2023-01-01"
"Via Dolorosa","Menno Otten","Netherlands","2013","15 min","https://www.idfa.nl/en/film/d1fb42bf-703b-447c-994b-c687ca181951/via-dolorosa?filters[tvPrice]=Free&collectionType=idfa","2023-01-01"
"Victim of Geography","Doug Aubrey","Scotland","1999","100 min","https://www.idfa.nl/en/film/a5e40353-8eff-4791-9c92-4bd9592140ff/victim-of-geography?filters[tvPrice]=Free&collectionType=idfa","2023-01-01"
"Voice of a Nation: My Journey Through Afghanistan","Jawed Taiman","Afghanistan","2012","52 min","https://www.idfa.nl/en/film/84521f1a-3bae-4622-b64c-e2c71e95d13a/voice-of-a-nation-my-journey-through-afghanistan?filters[tvPrice]=Free&collectionType=idfa","2023-01-01"
"Waiting for Fidel","Michael Rubbo","Canada","1974","58 min","https://www.idfa.nl/en/film/787a18b7-be19-473f-99f4-326ae3754bb6/waiting-for-fidel?filters[tvPrice]=Free&collectionType=idfa","2023-01-01"
"We Are Boys","Tomas Kaan","Netherlands","2009","17 min","https://www.idfa.nl/en/film/bb378737-51a0-4ca7-9fb6-e6a29b91177e/we-are-boys?filters[tvPrice]=Free&collectionType=idfa","2023-01-01"
"Welcome to Pine Point","Paul Shoebridge, Michael Simons","Canada","2010","50 min","https://www.idfa.nl/en/film/8c6127bc-501e-4fb7-bdf6-3b87941543f7/welcome-to-pine-point?filters[tvPrice]=Free&collectionType=idfa","2023-01-01"
"Welcome to the World","Brian Hill","England","2012","58 min","https://www.idfa.nl/en/film/5b75734b-4ca0-4f6d-b4cd-60b12dd328d0/welcome-to-the-world?filters[tvPrice]=Free&collectionType=idfa","2023-01-01"
"What Barry Says","Simon Robson","England","2004","3 min","https://www.idfa.nl/en/film/eb07c940-50c4-4b73-9208-e7c80cb68ace/what-barry-says?filters[tvPrice]=Free&collectionType=idfa","2023-01-01"
"When Hari Got Married","Ritu Sarin, Tenzing Sonam","India, England, United States","2012","75 min","https://www.idfa.nl/en/film/10f99f06-a8cf-41a8-9f47-220b00aab31d/when-hari-got-married?filters[tvPrice]=Free&collectionType=idfa","2023-01-01"
"When Will This Wind Stop","Aniela Astrid Gabryel","Poland","2016","66 min","https://www.idfa.nl/en/film/80b3eae3-86ad-43de-ba25-469adb2c31c0/when-will-this-wind-stop?filters[tvPrice]=Free&collectionType=idfa","2023-01-01"
"Where the Condors Fly","Carlos Klein","Chile, Switzerland, Germany","2012","90 min","https://www.idfa.nl/en/film/5fc1103f-315e-422a-bb96-47d8132a2362/where-the-condors-fly?filters[tvPrice]=Free&collectionType=idfa","2023-01-01"
"White Soldier","Danielle Zini","Israel, Netherlands","2013","55 min","https://www.idfa.nl/en/film/25530fdd-ec21-4839-85c6-d6578fc019c8/white-soldier?filters[tvPrice]=Free&collectionType=idfa","2023-01-01"
"Who Will Be a Gurkha","Kesang  Tseten Lama","Nepal, England, Norway, Finland","2012","75 min","https://www.idfa.nl/en/film/b61ad693-9015-432f-af03-4d156ec9199b/who-will-be-a-gurkha?filters[tvPrice]=Free&collectionType=idfa","2023-01-01"
"The Wild West","Susan Koenen","Netherlands","2010","50 min","https://www.idfa.nl/en/film/e1f86aa0-1f2f-4c49-ad9f-4e8a838fc343/the-wild-west?filters[tvPrice]=Free&collectionType=idfa","2023-01-01"
"The Wilderness Downtown","Chris Milk","United States","2010","10 min","https://www.idfa.nl/en/film/1e4ec907-dc85-4cfe-9cc3-84c95448edd8/the-wilderness-downtown?filters[tvPrice]=Free&collectionType=idfa","2023-01-01"
"Witness 360: 7/7","Darren Emerson","England","2015","13 min","https://www.idfa.nl/en/film/fdaab70a-b1d8-467b-9123-399dbc1d06fb/witness-360-7-7?filters[tvPrice]=Free&collectionType=idfa","2023-01-01"
"Wrong Time Wrong Place","John Appel","Netherlands","2012","80 min","https://www.idfa.nl/en/film/8db9af70-2058-409a-8e8b-e911b2098a55/wrong-time-wrong-place?filters[tvPrice]=Free&collectionType=idfa","2023-01-01"
"Yaren and the Sun","Joren Slaets, Renate Raman","Belgium","2021","19 min","https://www.idfa.nl/en/film/14e9791f-08e3-46bb-bbd9-f67b5883a2b8/yaren-and-the-sun?filters[tvPrice]=Free&collectionType=idfa","2023-01-01"
"Yuban (Live Earth)","Yaasib Alvaro Vazquez Colmenares","Mexico","2011","30 min","https://www.idfa.nl/en/film/4aba82a1-d3c7-459b-8b63-84bb38c83ead/yuban-live-earth?filters[tvPrice]=Free&collectionType=idfa","2023-01-01"
"Yves","Joost Jansen","Belgium","2007","11 min","https://www.idfa.nl/en/film/3e9b7659-354c-4201-88ca-d2d640ac89c3/yves?filters[tvPrice]=Free&collectionType=idfa","2023-01-01"
"Z32","Avi Mograbi","Israel, France","2008","81 min","https://www.idfa.nl/en/film/a1c0cea7-a094-41a5-a906-e578b3da7f20/z32?filters[tvPrice]=Free&collectionType=idfa","2023-01-01"
"‘Now something  is slowly changing’","mint film office","Netherlands","2018","105 min","https://www.idfa.nl/en/film/0178a5fc-62a9-4777-bf5d-8acc3eb75b4f/now-something-is-slowly-changing?filters[tvPrice]=Free&collectionType=idfa","2023-01-01"
"(Re)(Re)interpretation: Gold Town","Shigeo Arikawa","Japan","2017","13 min","https://www.idfa.nl/en/film/7725463f-1a35-454b-aa1c-fc8a80105448/rereinterpretation-gold-town?filters[tvPrice]=Free&collectionType=idfa","2023-01-01"
"-22.7°C","Jan Kounen","France","2019","8 min","https://www.idfa.nl/en/film/c84c1633-08bb-4fef-8f3a-135afd1019d0/22-7-c?filters[tvPrice]=Free&collectionType=idfa","2023-01-01"
"10 Gears of Change","Lloyd Ross","South Africa","2004","48 min","https://www.idfa.nl/en/film/437e7dbb-2aa7-4706-b1e4-eb113f682f2e/10-gears-of-change?filters[tvPrice]=Free&collectionType=idfa","2023-01-01"
"180cc","René van Zundert","Netherlands","2018","17 min","https://www.idfa.nl/en/film/26e4faea-ad1d-4226-a4af-a75c3491bbc3/180cc?filters[tvPrice]=Free&collectionType=idfa","2023-01-01"
"200000 Phantôms","Jean-Gabriel Périot","France","2007","10 min","https://www.idfa.nl/en/film/5aaddebb-b065-4796-adf8-b26c5ecc7362/200000-phantôms?filters[tvPrice]=Free&collectionType=idfa","2023-01-01"
"37 Uses For a Dead Sheep","Ben Hopkins","England","2006","85 min","https://www.idfa.nl/en/film/d3533d31-3fa1-4b5d-b654-871d87ab3119/37-uses-for-a-dead-sheep?filters[tvPrice]=Free&collectionType=idfa","2023-01-01"
"4.1 Miles","Daphne Matziaraki","United States","2016","22 min","https://www.idfa.nl/en/film/2e454601-cdf4-4381-835f-71a9833e7ba4/4-1-miles?filters[tvPrice]=Free&collectionType=idfa","2023-01-01"
"69: Love Sex Senior","Menna Laura Meijer","Netherlands","2013","90 min","https://www.idfa.nl/en/film/7cc2078e-86c2-4f6b-83fe-9f49343abbfa/69-love-sex-senior?filters[tvPrice]=Free&collectionType=idfa","2023-01-01"
